;;;;S typhi strain CT18;S choleraesuis SC B67;S dublin CT 02021853;S gallinarum 287/91;S paratyphi A ATCC 9150;S agona SL483;S enteritidis P125109;S heidelberg SL476;S newport SL254;S typhimurium LT2;S typhimurium SL1344
Layer;Node 1 Ortholog group ID;Node 2 Ortholog group ID;Layer;EIP;EIP;EIP;EIP;EIP;GIP;GIP;GIP;GIP;GIP;GIP
PPI;0;883;PPI;1;1;1;1;1;1;1;1;1;1;1
PPI;27;564;PPI;1;1;1;1;1;1;1;1;1;1;1
PPI;27;179;PPI;1;1;1;1;1;1;1;1;1;1;1
PPI;28;1004;PPI;1;1;1;1;1;1;1;1;1;1;1
PPI;28;4291;PPI;1;1;1;1;1;1;1;1;1;1;1
PPI;30;102;PPI;1;1;1;1;1;1;1;1;1;1;1
PPI;30;232;PPI;1;1;1;1;1;1;1;1;1;1;1
PPI;30;3265;PPI;1;1;1;1;1;1;1;1;1;1;1
PPI;30;424;PPI;1;1;1;1;1;1;1;1;1;1;1
PPI;43;1172;PPI;1;1;1;1;1;1;1;1;1;1;1
PPI;43;886;PPI;1;1;1;1;1;1;1;1;1;1;1
PPI;53;804;PPI;1;1;1;1;1;1;1;1;1;1;1
PPI;53;970;PPI;1;1;1;1;1;1;1;1;1;1;1
PPI;64;3724;PPI;1;1;1;1;1;1;1;1;1;1;1
PPI;64;3487;PPI;1;1;1;1;1;1;1;1;1;1;1
PPI;64;1669;PPI;1;1;1;1;1;1;1;1;1;1;1
PPI;65;3822;PPI;1;1;1;1;1;1;1;1;1;1;1
PPI;67;2795;PPI;1;1;1;1;1;1;1;1;1;1;1
PPI;67;4078;PPI;1;1;1;1;1;1;1;1;1;1;1
PPI;67;2681;PPI;1;1;1;1;1;1;1;1;1;1;1
PPI;67;2447;PPI;1;1;1;1;1;1;1;1;1;1;1
PPI;71;126;PPI;1;1;1;1;1;1;1;1;1;1;1
PPI;71;3620;PPI;1;1;1;1;1;1;1;1;1;1;1
PPI;72;3171;PPI;1;1;1;1;1;1;1;1;1;1;1
PPI;75;561;PPI;1;1;1;1;1;1;1;1;1;1;1
PPI;84;3202;PPI;1;1;1;1;1;1;1;1;1;1;1
PPI;93;1880;PPI;1;1;1;1;1;1;1;1;1;1;1
PPI;93;2349;PPI;1;1;1;1;1;1;1;1;1;1;1
PPI;93;3288;PPI;1;1;1;1;1;1;1;1;1;1;1
PPI;93;1259;PPI;1;1;1;1;1;1;1;1;1;1;1
PPI;102;3710;PPI;1;1;1;1;1;1;1;1;1;1;1
PPI;111;561;PPI;1;1;1;1;1;1;1;1;1;1;1
PPI;112;2026;PPI;1;1;1;1;1;1;1;1;1;1;1
PPI;112;391;PPI;1;1;1;1;1;1;1;1;1;1;1
PPI;112;2479;PPI;1;1;1;1;1;1;1;1;1;1;1
PPI;112;1239;PPI;1;1;1;1;1;1;1;1;1;1;1
PPI;121;190;PPI;1;1;1;1;1;1;1;1;1;1;1
PPI;127;1265;PPI;1;1;1;1;1;1;1;1;1;1;1
PPI;133;3134;PPI;1;1;1;1;1;1;1;1;1;1;1
PPI;143;519;PPI;1;1;1;1;1;1;1;1;1;1;1
PPI;153;3171;PPI;1;1;1;1;1;1;1;1;1;1;1
PPI;155;283;PPI;1;1;1;1;1;1;1;1;1;1;1
PPI;158;3171;PPI;1;1;1;1;1;1;1;1;1;1;1
PPI;159;2803;PPI;1;1;1;1;1;1;1;1;1;1;1
PPI;161;1011;PPI;1;1;1;1;1;1;1;1;1;1;1
PPI;161;3171;PPI;1;1;1;1;1;1;1;1;1;1;1
PPI;162;4235;PPI;1;1;1;1;1;1;1;1;1;1;1
PPI;170;126;PPI;1;1;1;1;1;1;1;1;1;1;1
PPI;170;3489;PPI;1;1;1;1;1;1;1;1;1;1;1
PPI;171;513;PPI;1;1;1;1;1;1;1;1;1;1;1
PPI;175;1770;PPI;1;1;1;1;1;1;1;1;1;1;1
PPI;175;2356;PPI;1;1;1;1;1;1;1;1;1;1;1
PPI;186;64;PPI;1;1;1;1;1;1;1;1;1;1;1
PPI;186;3534;PPI;1;1;1;1;1;1;1;1;1;1;1
PPI;186;112;PPI;1;1;1;1;1;1;1;1;1;1;1
PPI;189;1436;PPI;1;1;1;1;1;1;1;1;1;1;1
PPI;190;3222;PPI;1;1;1;1;1;1;1;1;1;1;1
PPI;195;2776;PPI;1;1;1;1;1;1;1;1;1;1;1
PPI;195;2497;PPI;1;1;1;1;1;1;1;1;1;1;1
PPI;195;3398;PPI;1;1;1;1;1;1;1;1;1;1;1
PPI;195;1743;PPI;1;1;1;1;1;1;1;1;1;1;1
PPI;195;2117;PPI;1;1;1;1;1;1;1;1;1;1;1
PPI;195;1004;PPI;1;1;1;1;1;1;1;1;1;1;1
PPI;195;2087;PPI;1;1;1;1;1;1;1;1;1;1;1
PPI;195;1983;PPI;1;1;1;1;1;1;1;1;1;1;1
PPI;205;1011;PPI;1;1;1;1;1;1;1;1;1;1;1
PPI;205;195;PPI;1;1;1;1;1;1;1;1;1;1;1
PPI;205;3987;PPI;1;1;1;1;1;1;1;1;1;1;1
PPI;212;197;PPI;1;1;1;1;1;1;1;1;1;1;1
PPI;212;1192;PPI;1;1;1;1;1;1;1;1;1;1;1
PPI;212;1787;PPI;1;1;1;1;1;1;1;1;1;1;1
PPI;212;1273;PPI;1;1;1;1;1;1;1;1;1;1;1
PPI;212;2583;PPI;1;1;1;1;1;1;1;1;1;1;1
PPI;216;2354;PPI;1;1;1;1;1;1;1;1;1;1;1
PPI;216;1323;PPI;1;1;1;1;1;1;1;1;1;1;1
PPI;224;703;PPI;1;1;1;1;1;1;1;1;1;1;1
PPI;224;2795;PPI;1;1;1;1;1;1;1;1;1;1;1
PPI;224;3288;PPI;1;1;1;1;1;1;1;1;1;1;1
PPI;224;796;PPI;1;1;1;1;1;1;1;1;1;1;1
PPI;224;3859;PPI;1;1;1;1;1;1;1;1;1;1;1
PPI;224;292;PPI;1;1;1;1;1;1;1;1;1;1;1
PPI;227;3476;PPI;1;1;1;1;1;1;1;1;1;1;1
PPI;227;2283;PPI;1;1;1;1;1;1;1;1;1;1;1
PPI;228;1011;PPI;1;1;1;1;1;1;1;1;1;1;1
PPI;228;2512;PPI;1;1;1;1;1;1;1;1;1;1;1
PPI;229;2443;PPI;1;1;1;1;1;1;1;1;1;1;1
PPI;229;624;PPI;1;1;1;1;1;1;1;1;1;1;1
PPI;229;3143;PPI;1;1;1;1;1;1;1;1;1;1;1
PPI;229;3007;PPI;1;1;1;1;1;1;1;1;1;1;1
PPI;229;398;PPI;1;1;1;1;1;1;1;1;1;1;1
PPI;229;2025;PPI;1;1;1;1;1;1;1;1;1;1;1
PPI;241;64;PPI;1;1;1;1;1;1;1;1;1;1;1
PPI;241;3710;PPI;1;1;1;1;1;1;1;1;1;1;1
PPI;241;358;PPI;1;1;1;1;1;1;1;1;1;1;1
PPI;246;1011;PPI;1;1;1;1;1;1;1;1;1;1;1
PPI;246;195;PPI;1;1;1;1;1;1;1;1;1;1;1
PPI;246;1004;PPI;1;1;1;1;1;1;1;1;1;1;1
PPI;246;2583;PPI;1;1;1;1;1;1;1;1;1;1;1
PPI;246;1508;PPI;1;1;1;1;1;1;1;1;1;1;1
PPI;248;465;PPI;1;1;1;1;1;1;1;1;1;1;1
PPI;260;2165;PPI;1;1;1;1;1;1;1;1;1;1;1
PPI;261;1784;PPI;1;1;1;1;1;1;1;1;1;1;1
PPI;267;3071;PPI;1;1;1;1;1;1;1;1;1;1;1
PPI;267;3370;PPI;1;1;1;1;1;1;1;1;1;1;1
PPI;267;2339;PPI;1;1;1;1;1;1;1;1;1;1;1
PPI;270;2000;PPI;1;1;1;1;1;1;1;1;1;1;1
PPI;271;424;PPI;1;1;1;1;1;1;1;1;1;1;1
PPI;277;3737;PPI;1;1;1;1;1;1;1;1;1;1;1
PPI;288;1849;PPI;1;1;1;1;1;1;1;1;1;1;1
PPI;288;3674;PPI;1;1;1;1;1;1;1;1;1;1;1
PPI;288;2099;PPI;1;1;1;1;1;1;1;1;1;1;1
PPI;291;2693;PPI;1;1;1;1;1;1;1;1;1;1;1
PPI;292;1175;PPI;1;1;1;1;1;1;1;1;1;1;1
PPI;292;360;PPI;1;1;1;1;1;1;1;1;1;1;1
PPI;292;2389;PPI;1;1;1;1;1;1;1;1;1;1;1
PPI;298;156;PPI;1;1;1;1;1;1;1;1;1;1;1
PPI;299;2992;PPI;1;1;1;1;1;1;1;1;1;1;1
PPI;299;2180;PPI;1;1;1;1;1;1;1;1;1;1;1
PPI;299;2202;PPI;1;1;1;1;1;1;1;1;1;1;1
PPI;310;2000;PPI;1;1;1;1;1;1;1;1;1;1;1
PPI;316;2228;PPI;1;1;1;1;1;1;1;1;1;1;1
PPI;324;2034;PPI;1;1;1;1;1;1;1;1;1;1;1
PPI;324;1114;PPI;1;1;1;1;1;1;1;1;1;1;1
PPI;324;2283;PPI;1;1;1;1;1;1;1;1;1;1;1
PPI;324;358;PPI;1;1;1;1;1;1;1;1;1;1;1
PPI;328;1192;PPI;1;1;1;1;1;1;1;1;1;1;1
PPI;328;143;PPI;1;1;1;1;1;1;1;1;1;1;1
PPI;328;3616;PPI;1;1;1;1;1;1;1;1;1;1;1
PPI;330;414;PPI;1;1;1;1;1;1;1;1;1;1;1
PPI;331;328;PPI;1;1;1;1;1;1;1;1;1;1;1
PPI;331;1668;PPI;1;1;1;1;1;1;1;1;1;1;1
PPI;332;663;PPI;1;1;1;1;1;1;1;1;1;1;1
PPI;332;3650;PPI;1;1;1;1;1;1;1;1;1;1;1
PPI;340;564;PPI;1;1;1;1;1;1;1;1;1;1;1
PPI;344;3171;PPI;1;1;1;1;1;1;1;1;1;1;1
PPI;344;1636;PPI;1;1;1;1;1;1;1;1;1;1;1
PPI;344;2113;PPI;1;1;1;1;1;1;1;1;1;1;1
PPI;345;3219;PPI;1;1;1;1;1;1;1;1;1;1;1
PPI;357;1656;PPI;1;1;1;1;1;1;1;1;1;1;1
PPI;358;2672;PPI;1;1;1;1;1;1;1;1;1;1;1
PPI;358;2567;PPI;1;1;1;1;1;1;1;1;1;1;1
PPI;358;1245;PPI;1;1;1;1;1;1;1;1;1;1;1
PPI;358;3220;PPI;1;1;1;1;1;1;1;1;1;1;1
PPI;358;3536;PPI;1;1;1;1;1;1;1;1;1;1;1
PPI;358;710;PPI;1;1;1;1;1;1;1;1;1;1;1
PPI;358;2537;PPI;1;1;1;1;1;1;1;1;1;1;1
PPI;358;970;PPI;1;1;1;1;1;1;1;1;1;1;1
PPI;358;2164;PPI;1;1;1;1;1;1;1;1;1;1;1
PPI;358;2437;PPI;1;1;1;1;1;1;1;1;1;1;1
PPI;358;4197;PPI;1;1;1;1;1;1;1;1;1;1;1
PPI;363;2200;PPI;1;1;1;1;1;1;1;1;1;1;1
PPI;363;624;PPI;1;1;1;1;1;1;1;1;1;1;1
PPI;363;3143;PPI;1;1;1;1;1;1;1;1;1;1;1
PPI;363;398;PPI;1;1;1;1;1;1;1;1;1;1;1
PPI;363;2025;PPI;1;1;1;1;1;1;1;1;1;1;1
PPI;363;458;PPI;1;1;1;1;1;1;1;1;1;1;1
PPI;378;424;PPI;1;1;1;1;1;1;1;1;1;1;1
PPI;379;3620;PPI;1;1;1;1;1;1;1;1;1;1;1
PPI;381;3171;PPI;1;1;1;1;1;1;1;1;1;1;1
PPI;388;3171;PPI;1;1;1;1;1;1;1;1;1;1;1
PPI;389;189;PPI;1;1;1;1;1;1;1;1;1;1;1
PPI;398;624;PPI;1;1;1;1;1;1;1;1;1;1;1
PPI;398;3143;PPI;1;1;1;1;1;1;1;1;1;1;1
PPI;398;3007;PPI;1;1;1;1;1;1;1;1;1;1;1
PPI;398;458;PPI;1;1;1;1;1;1;1;1;1;1;1
PPI;405;3509;PPI;1;1;1;1;1;1;1;1;1;1;1
PPI;420;1322;PPI;1;1;1;1;1;1;1;1;1;1;1
PPI;424;3473;PPI;1;1;1;1;1;1;1;1;1;1;1
PPI;424;2095;PPI;1;1;1;1;1;1;1;1;1;1;1
PPI;424;3447;PPI;1;1;1;1;1;1;1;1;1;1;1
PPI;424;1258;PPI;1;1;1;1;1;1;1;1;1;1;1
PPI;424;3318;PPI;1;1;1;1;1;1;1;1;1;1;1
PPI;424;3217;PPI;1;1;1;1;1;1;1;1;1;1;1
PPI;424;3536;PPI;1;1;1;1;1;1;1;1;1;1;1
PPI;424;3309;PPI;1;1;1;1;1;1;1;1;1;1;1
PPI;424;405;PPI;1;1;1;1;1;1;1;1;1;1;1
PPI;424;802;PPI;1;1;1;1;1;1;1;1;1;1;1
PPI;424;2887;PPI;1;1;1;1;1;1;1;1;1;1;1
PPI;424;2084;PPI;1;1;1;1;1;1;1;1;1;1;1
PPI;424;638;PPI;1;1;1;1;1;1;1;1;1;1;1
PPI;424;1283;PPI;1;1;1;1;1;1;1;1;1;1;1
PPI;424;3522;PPI;1;1;1;1;1;1;1;1;1;1;1
PPI;424;2035;PPI;1;1;1;1;1;1;1;1;1;1;1
PPI;433;955;PPI;1;1;1;1;1;1;1;1;1;1;1
PPI;433;501;PPI;1;1;1;1;1;1;1;1;1;1;1
PPI;435;404;PPI;1;1;1;1;1;1;1;1;1;1;1
PPI;435;2283;PPI;1;1;1;1;1;1;1;1;1;1;1
PPI;435;378;PPI;1;1;1;1;1;1;1;1;1;1;1
PPI;437;3536;PPI;1;1;1;1;1;1;1;1;1;1;1
PPI;440;1011;PPI;1;1;1;1;1;1;1;1;1;1;1
PPI;440;212;PPI;1;1;1;1;1;1;1;1;1;1;1
PPI;451;2696;PPI;1;1;1;1;1;1;1;1;1;1;1
PPI;452;1852;PPI;1;1;1;1;1;1;1;1;1;1;1
PPI;453;2484;PPI;1;1;1;1;1;1;1;1;1;1;1
PPI;454;381;PPI;1;1;1;1;1;1;1;1;1;1;1
PPI;459;2443;PPI;1;1;1;1;1;1;1;1;1;1;1
PPI;464;1130;PPI;1;1;1;1;1;1;1;1;1;1;1
PPI;465;3402;PPI;1;1;1;1;1;1;1;1;1;1;1
PPI;466;1109;PPI;1;1;1;1;1;1;1;1;1;1;1
PPI;472;3663;PPI;1;1;1;1;1;1;1;1;1;1;1
PPI;473;1344;PPI;1;1;1;1;1;1;1;1;1;1;1
PPI;473;3288;PPI;1;1;1;1;1;1;1;1;1;1;1
PPI;473;796;PPI;1;1;1;1;1;1;1;1;1;1;1
PPI;473;1259;PPI;1;1;1;1;1;1;1;1;1;1;1
PPI;473;1323;PPI;1;1;1;1;1;1;1;1;1;1;1
PPI;473;2249;PPI;1;1;1;1;1;1;1;1;1;1;1
PPI;473;644;PPI;1;1;1;1;1;1;1;1;1;1;1
PPI;474;2959;PPI;1;1;1;1;1;1;1;1;1;1;1
PPI;484;1265;PPI;1;1;1;1;1;1;1;1;1;1;1
PPI;488;947;PPI;1;1;1;1;1;1;1;1;1;1;1
PPI;511;2959;PPI;1;1;1;1;1;1;1;1;1;1;1
PPI;519;4235;PPI;1;1;1;1;1;1;1;1;1;1;1
PPI;530;1667;PPI;1;1;1;1;1;1;1;1;1;1;1
PPI;532;3487;PPI;1;1;1;1;1;1;1;1;1;1;1
PPI;535;147;PPI;1;1;1;1;1;1;1;1;1;1;1
PPI;535;2484;PPI;1;1;1;1;1;1;1;1;1;1;1
PPI;536;2818;PPI;1;1;1;1;1;1;1;1;1;1;1
PPI;536;1273;PPI;1;1;1;1;1;1;1;1;1;1;1
PPI;537;298;PPI;1;1;1;1;1;1;1;1;1;1;1
PPI;540;1574;PPI;1;1;1;1;1;1;1;1;1;1;1
PPI;543;1348;PPI;1;1;1;1;1;1;1;1;1;1;1
PPI;543;1322;PPI;1;1;1;1;1;1;1;1;1;1;1
PPI;543;3202;PPI;1;1;1;1;1;1;1;1;1;1;1
PPI;543;2114;PPI;1;1;1;1;1;1;1;1;1;1;1
PPI;543;3144;PPI;1;1;1;1;1;1;1;1;1;1;1
PPI;543;420;PPI;1;1;1;1;1;1;1;1;1;1;1
PPI;543;2437;PPI;1;1;1;1;1;1;1;1;1;1;1
PPI;546;1622;PPI;1;1;1;1;1;1;1;1;1;1;1
PPI;546;1362;PPI;1;1;1;1;1;1;1;1;1;1;1
PPI;552;1011;PPI;1;1;1;1;1;1;1;1;1;1;1
PPI;552;3171;PPI;1;1;1;1;1;1;1;1;1;1;1
PPI;556;159;PPI;1;1;1;1;1;1;1;1;1;1;1
PPI;556;2803;PPI;1;1;1;1;1;1;1;1;1;1;1
PPI;559;2180;PPI;1;1;1;1;1;1;1;1;1;1;1
PPI;565;3987;PPI;1;1;1;1;1;1;1;1;1;1;1
PPI;565;2074;PPI;1;1;1;1;1;1;1;1;1;1;1
PPI;567;3171;PPI;1;1;1;1;1;1;1;1;1;1;1
PPI;568;2795;PPI;1;1;1;1;1;1;1;1;1;1;1
PPI;574;2601;PPI;1;1;1;1;1;1;1;1;1;1;1
PPI;577;102;PPI;1;1;1;1;1;1;1;1;1;1;1
PPI;581;3654;PPI;1;1;1;1;1;1;1;1;1;1;1
PPI;581;3710;PPI;1;1;1;1;1;1;1;1;1;1;1
PPI;581;1219;PPI;1;1;1;1;1;1;1;1;1;1;1
PPI;581;970;PPI;1;1;1;1;1;1;1;1;1;1;1
PPI;581;2484;PPI;1;1;1;1;1;1;1;1;1;1;1
PPI;581;1035;PPI;1;1;1;1;1;1;1;1;1;1;1
PPI;584;1011;PPI;1;1;1;1;1;1;1;1;1;1;1
PPI;587;298;PPI;1;1;1;1;1;1;1;1;1;1;1
PPI;587;156;PPI;1;1;1;1;1;1;1;1;1;1;1
PPI;596;4235;PPI;1;1;1;1;1;1;1;1;1;1;1
PPI;597;1579;PPI;1;1;1;1;1;1;1;1;1;1;1
PPI;597;398;PPI;1;1;1;1;1;1;1;1;1;1;1
PPI;604;1095;PPI;1;1;1;1;1;1;1;1;1;1;1
PPI;604;1405;PPI;1;1;1;1;1;1;1;1;1;1;1
PPI;606;3531;PPI;1;1;1;1;1;1;1;1;1;1;1
PPI;614;3159;PPI;1;1;1;1;1;1;1;1;1;1;1
PPI;622;1265;PPI;1;1;1;1;1;1;1;1;1;1;1
PPI;623;3726;PPI;1;1;1;1;1;1;1;1;1;1;1
PPI;623;1239;PPI;1;1;1;1;1;1;1;1;1;1;1
PPI;624;3143;PPI;1;1;1;1;1;1;1;1;1;1;1
PPI;624;3007;PPI;1;1;1;1;1;1;1;1;1;1;1
PPI;633;1114;PPI;1;1;1;1;1;1;1;1;1;1;1
PPI;633;1220;PPI;1;1;1;1;1;1;1;1;1;1;1
PPI;644;93;PPI;1;1;1;1;1;1;1;1;1;1;1
PPI;644;2902;PPI;1;1;1;1;1;1;1;1;1;1;1
PPI;644;224;PPI;1;1;1;1;1;1;1;1;1;1;1
PPI;654;1431;PPI;1;1;1;1;1;1;1;1;1;1;1
PPI;663;2691;PPI;1;1;1;1;1;1;1;1;1;1;1
PPI;666;2601;PPI;1;1;1;1;1;1;1;1;1;1;1
PPI;666;877;PPI;1;1;1;1;1;1;1;1;1;1;1
PPI;676;77;PPI;1;1;1;1;1;1;1;1;1;1;1
PPI;678;464;PPI;1;1;1;1;1;1;1;1;1;1;1
PPI;678;357;PPI;1;1;1;1;1;1;1;1;1;1;1
PPI;678;1694;PPI;1;1;1;1;1;1;1;1;1;1;1
PPI;678;2389;PPI;1;1;1;1;1;1;1;1;1;1;1
PPI;686;1265;PPI;1;1;1;1;1;1;1;1;1;1;1
PPI;691;2799;PPI;1;1;1;1;1;1;1;1;1;1;1
PPI;692;1656;PPI;1;1;1;1;1;1;1;1;1;1;1
PPI;692;1114;PPI;1;1;1;1;1;1;1;1;1;1;1
PPI;692;1694;PPI;1;1;1;1;1;1;1;1;1;1;1
PPI;698;195;PPI;1;1;1;1;1;1;1;1;1;1;1
PPI;698;1004;PPI;1;1;1;1;1;1;1;1;1;1;1
PPI;701;2312;PPI;1;1;1;1;1;1;1;1;1;1;1
PPI;703;1656;PPI;1;1;1;1;1;1;1;1;1;1;1
PPI;703;2795;PPI;1;1;1;1;1;1;1;1;1;1;1
PPI;703;3288;PPI;1;1;1;1;1;1;1;1;1;1;1
PPI;703;796;PPI;1;1;1;1;1;1;1;1;1;1;1
PPI;703;678;PPI;1;1;1;1;1;1;1;1;1;1;1
PPI;703;1977;PPI;1;1;1;1;1;1;1;1;1;1;1
PPI;703;692;PPI;1;1;1;1;1;1;1;1;1;1;1
PPI;703;93;PPI;1;1;1;1;1;1;1;1;1;1;1
PPI;703;3757;PPI;1;1;1;1;1;1;1;1;1;1;1
PPI;703;357;PPI;1;1;1;1;1;1;1;1;1;1;1
PPI;703;292;PPI;1;1;1;1;1;1;1;1;1;1;1
PPI;703;2165;PPI;1;1;1;1;1;1;1;1;1;1;1
PPI;704;970;PPI;1;1;1;1;1;1;1;1;1;1;1
PPI;704;551;PPI;1;1;1;1;1;1;1;1;1;1;1
PPI;704;1583;PPI;1;1;1;1;1;1;1;1;1;1;1
PPI;713;1695;PPI;1;1;1;1;1;1;1;1;1;1;1
PPI;713;1032;PPI;1;1;1;1;1;1;1;1;1;1;1
PPI;716;190;PPI;1;1;1;1;1;1;1;1;1;1;1
PPI;744;306;PPI;1;1;1;1;1;1;1;1;1;1;1
PPI;753;3654;PPI;1;1;1;1;1;1;1;1;1;1;1
PPI;758;1412;PPI;1;1;1;1;1;1;1;1;1;1;1
PPI;790;2583;PPI;1;1;1;1;1;1;1;1;1;1;1
PPI;791;1880;PPI;1;1;1;1;1;1;1;1;1;1;1
PPI;796;3730;PPI;1;1;1;1;1;1;1;1;1;1;1
PPI;796;1175;PPI;1;1;1;1;1;1;1;1;1;1;1
PPI;796;2165;PPI;1;1;1;1;1;1;1;1;1;1;1
PPI;804;64;PPI;1;1;1;1;1;1;1;1;1;1;1
PPI;804;3276;PPI;1;1;1;1;1;1;1;1;1;1;1
PPI;804;3159;PPI;1;1;1;1;1;1;1;1;1;1;1
PPI;804;3654;PPI;1;1;1;1;1;1;1;1;1;1;1
PPI;804;143;PPI;1;1;1;1;1;1;1;1;1;1;1
PPI;804;814;PPI;1;1;1;1;1;1;1;1;1;1;1
PPI;804;2283;PPI;1;1;1;1;1;1;1;1;1;1;1
PPI;804;757;PPI;1;1;1;1;1;1;1;1;1;1;1
PPI;804;1789;PPI;1;1;1;1;1;1;1;1;1;1;1
PPI;804;2484;PPI;1;1;1;1;1;1;1;1;1;1;1
PPI;813;3171;PPI;1;1;1;1;1;1;1;1;1;1;1
PPI;813;1360;PPI;1;1;1;1;1;1;1;1;1;1;1
PPI;814;970;PPI;1;1;1;1;1;1;1;1;1;1;1
PPI;814;71;PPI;1;1;1;1;1;1;1;1;1;1;1
PPI;814;179;PPI;1;1;1;1;1;1;1;1;1;1;1
PPI;820;220;PPI;1;1;1;1;1;1;1;1;1;1;1
PPI;820;331;PPI;1;1;1;1;1;1;1;1;1;1;1
PPI;820;878;PPI;1;1;1;1;1;1;1;1;1;1;1
PPI;832;1011;PPI;1;1;1;1;1;1;1;1;1;1;1
PPI;832;564;PPI;1;1;1;1;1;1;1;1;1;1;1
PPI;832;3754;PPI;1;1;1;1;1;1;1;1;1;1;1
PPI;836;704;PPI;1;1;1;1;1;1;1;1;1;1;1
PPI;842;3987;PPI;1;1;1;1;1;1;1;1;1;1;1
PPI;842;564;PPI;1;1;1;1;1;1;1;1;1;1;1
PPI;842;4191;PPI;1;1;1;1;1;1;1;1;1;1;1
PPI;842;832;PPI;1;1;1;1;1;1;1;1;1;1;1
PPI;842;3598;PPI;1;1;1;1;1;1;1;1;1;1;1
PPI;842;3754;PPI;1;1;1;1;1;1;1;1;1;1;1
PPI;842;1460;PPI;1;1;1;1;1;1;1;1;1;1;1
PPI;842;2913;PPI;1;1;1;1;1;1;1;1;1;1;1
PPI;848;1758;PPI;1;1;1;1;1;1;1;1;1;1;1
PPI;852;2636;PPI;1;1;1;1;1;1;1;1;1;1;1
PPI;859;3222;PPI;1;1;1;1;1;1;1;1;1;1;1
PPI;864;1565;PPI;1;1;1;1;1;1;1;1;1;1;1
PPI;864;1911;PPI;1;1;1;1;1;1;1;1;1;1;1
PPI;867;564;PPI;1;1;1;1;1;1;1;1;1;1;1
PPI;867;2693;PPI;1;1;1;1;1;1;1;1;1;1;1
PPI;869;1880;PPI;1;1;1;1;1;1;1;1;1;1;1
PPI;871;2511;PPI;1;1;1;1;1;1;1;1;1;1;1
PPI;876;389;PPI;1;1;1;1;1;1;1;1;1;1;1
PPI;876;189;PPI;1;1;1;1;1;1;1;1;1;1;1
PPI;881;3171;PPI;1;1;1;1;1;1;1;1;1;1;1
PPI;881;1158;PPI;1;1;1;1;1;1;1;1;1;1;1
PPI;883;3518;PPI;1;1;1;1;1;1;1;1;1;1;1
PPI;883;2356;PPI;1;1;1;1;1;1;1;1;1;1;1
PPI;883;486;PPI;1;1;1;1;1;1;1;1;1;1;1
PPI;885;3822;PPI;1;1;1;1;1;1;1;1;1;1;1
PPI;885;65;PPI;1;1;1;1;1;1;1;1;1;1;1
PPI;885;3872;PPI;1;1;1;1;1;1;1;1;1;1;1
PPI;895;1695;PPI;1;1;1;1;1;1;1;1;1;1;1
PPI;899;886;PPI;1;1;1;1;1;1;1;1;1;1;1
PPI;899;43;PPI;1;1;1;1;1;1;1;1;1;1;1
PPI;900;2601;PPI;1;1;1;1;1;1;1;1;1;1;1
PPI;904;3144;PPI;1;1;1;1;1;1;1;1;1;1;1
PPI;912;2408;PPI;1;1;1;1;1;1;1;1;1;1;1
PPI;912;3173;PPI;1;1;1;1;1;1;1;1;1;1;1
PPI;913;1079;PPI;1;1;1;1;1;1;1;1;1;1;1
PPI;913;1695;PPI;1;1;1;1;1;1;1;1;1;1;1
PPI;914;2939;PPI;1;1;1;1;1;1;1;1;1;1;1
PPI;922;1959;PPI;1;1;1;1;1;1;1;1;1;1;1
PPI;948;1601;PPI;1;1;1;1;1;1;1;1;1;1;1
PPI;949;3487;PPI;1;1;1;1;1;1;1;1;1;1;1
PPI;952;2356;PPI;1;1;1;1;1;1;1;1;1;1;1
PPI;955;2089;PPI;1;1;1;1;1;1;1;1;1;1;1
PPI;957;1629;PPI;1;1;1;1;1;1;1;1;1;1;1
PPI;962;3730;PPI;1;1;1;1;1;1;1;1;1;1;1
PPI;965;1672;PPI;1;1;1;1;1;1;1;1;1;1;1
PPI;965;102;PPI;1;1;1;1;1;1;1;1;1;1;1
PPI;965;2870;PPI;1;1;1;1;1;1;1;1;1;1;1
PPI;965;535;PPI;1;1;1;1;1;1;1;1;1;1;1
PPI;965;2026;PPI;1;1;1;1;1;1;1;1;1;1;1
PPI;965;391;PPI;1;1;1;1;1;1;1;1;1;1;1
PPI;965;867;PPI;1;1;1;1;1;1;1;1;1;1;1
PPI;965;4292;PPI;1;1;1;1;1;1;1;1;1;1;1
PPI;965;2;PPI;1;1;1;1;1;1;1;1;1;1;1
PPI;966;687;PPI;1;1;1;1;1;1;1;1;1;1;1
PPI;968;687;PPI;1;1;1;1;1;1;1;1;1;1;1
PPI;970;230;PPI;1;1;1;1;1;1;1;1;1;1;1
PPI;970;253;PPI;1;1;1;1;1;1;1;1;1;1;1
PPI;970;220;PPI;1;1;1;1;1;1;1;1;1;1;1
PPI;970;298;PPI;1;1;1;1;1;1;1;1;1;1;1
PPI;970;1079;PPI;1;1;1;1;1;1;1;1;1;1;1
PPI;970;3912;PPI;1;1;1;1;1;1;1;1;1;1;1
PPI;972;1629;PPI;1;1;1;1;1;1;1;1;1;1;1
PPI;972;567;PPI;1;1;1;1;1;1;1;1;1;1;1
PPI;981;2083;PPI;1;1;1;1;1;1;1;1;1;1;1
PPI;981;229;PPI;1;1;1;1;1;1;1;1;1;1;1
PPI;981;3143;PPI;1;1;1;1;1;1;1;1;1;1;1
PPI;981;3007;PPI;1;1;1;1;1;1;1;1;1;1;1
PPI;981;398;PPI;1;1;1;1;1;1;1;1;1;1;1
PPI;982;3214;PPI;1;1;1;1;1;1;1;1;1;1;1
PPI;982;1261;PPI;1;1;1;1;1;1;1;1;1;1;1
PPI;985;3114;PPI;1;1;1;1;1;1;1;1;1;1;1
PPI;993;531;PPI;1;1;1;1;1;1;1;1;1;1;1
PPI;993;3136;PPI;1;1;1;1;1;1;1;1;1;1;1
PPI;993;1911;PPI;1;1;1;1;1;1;1;1;1;1;1
PPI;998;229;PPI;1;1;1;1;1;1;1;1;1;1;1
PPI;1004;1543;PPI;1;1;1;1;1;1;1;1;1;1;1
PPI;1011;790;PPI;1;1;1;1;1;1;1;1;1;1;1
PPI;1011;1322;PPI;1;1;1;1;1;1;1;1;1;1;1
PPI;1011;1016;PPI;1;1;1;1;1;1;1;1;1;1;1
PPI;1011;3846;PPI;1;1;1;1;1;1;1;1;1;1;1
PPI;1011;2175;PPI;1;1;1;1;1;1;1;1;1;1;1
PPI;1011;3822;PPI;1;1;1;1;1;1;1;1;1;1;1
PPI;1011;1880;PPI;1;1;1;1;1;1;1;1;1;1;1
PPI;1011;2511;PPI;1;1;1;1;1;1;1;1;1;1;1
PPI;1011;1283;PPI;1;1;1;1;1;1;1;1;1;1;1
PPI;1011;2292;PPI;1;1;1;1;1;1;1;1;1;1;1
PPI;1011;27;PPI;1;1;1;1;1;1;1;1;1;1;1
PPI;1011;2512;PPI;1;1;1;1;1;1;1;1;1;1;1
PPI;1011;1436;PPI;1;1;1;1;1;1;1;1;1;1;1
PPI;1011;1801;PPI;1;1;1;1;1;1;1;1;1;1;1
PPI;1011;2445;PPI;1;1;1;1;1;1;1;1;1;1;1
PPI;1011;464;PPI;1;1;1;1;1;1;1;1;1;1;1
PPI;1011;1517;PPI;1;1;1;1;1;1;1;1;1;1;1
PPI;1011;454;PPI;1;1;1;1;1;1;1;1;1;1;1
PPI;1011;3754;PPI;1;1;1;1;1;1;1;1;1;1;1
PPI;1011;2356;PPI;1;1;1;1;1;1;1;1;1;1;1
PPI;1011;2895;PPI;1;1;1;1;1;1;1;1;1;1;1
PPI;1011;1695;PPI;1;1;1;1;1;1;1;1;1;1;1
PPI;1011;2035;PPI;1;1;1;1;1;1;1;1;1;1;1
PPI;1011;1035;PPI;1;1;1;1;1;1;1;1;1;1;1
PPI;1016;2189;PPI;1;1;1;1;1;1;1;1;1;1;1
PPI;1032;1517;PPI;1;1;1;1;1;1;1;1;1;1;1
PPI;1035;3140;PPI;1;1;1;1;1;1;1;1;1;1;1
PPI;1035;1436;PPI;1;1;1;1;1;1;1;1;1;1;1
PPI;1036;367;PPI;1;1;1;1;1;1;1;1;1;1;1
PPI;1038;424;PPI;1;1;1;1;1;1;1;1;1;1;1
PPI;1046;713;PPI;1;1;1;1;1;1;1;1;1;1;1
PPI;1046;3754;PPI;1;1;1;1;1;1;1;1;1;1;1
PPI;1046;1695;PPI;1;1;1;1;1;1;1;1;1;1;1
PPI;1068;561;PPI;1;1;1;1;1;1;1;1;1;1;1
PPI;1075;250;PPI;1;1;1;1;1;1;1;1;1;1;1
PPI;1075;1035;PPI;1;1;1;1;1;1;1;1;1;1;1
PPI;1079;3509;PPI;1;1;1;1;1;1;1;1;1;1;1
PPI;1090;111;PPI;1;1;1;1;1;1;1;1;1;1;1
PPI;1095;2666;PPI;1;1;1;1;1;1;1;1;1;1;1
PPI;1098;1937;PPI;1;1;1;1;1;1;1;1;1;1;1
PPI;1098;1758;PPI;1;1;1;1;1;1;1;1;1;1;1
PPI;1103;1011;PPI;1;1;1;1;1;1;1;1;1;1;1
PPI;1103;2534;PPI;1;1;1;1;1;1;1;1;1;1;1
PPI;1103;1846;PPI;1;1;1;1;1;1;1;1;1;1;1
PPI;1103;3858;PPI;1;1;1;1;1;1;1;1;1;1;1
PPI;1110;3570;PPI;1;1;1;1;1;1;1;1;1;1;1
PPI;1110;2290;PPI;1;1;1;1;1;1;1;1;1;1;1
PPI;1110;2000;PPI;1;1;1;1;1;1;1;1;1;1;1
PPI;1110;2484;PPI;1;1;1;1;1;1;1;1;1;1;1
PPI;1115;3581;PPI;1;1;1;1;1;1;1;1;1;1;1
PPI;1115;2408;PPI;1;1;1;1;1;1;1;1;1;1;1
PPI;1115;2476;PPI;1;1;1;1;1;1;1;1;1;1;1
PPI;1130;2476;PPI;1;1;1;1;1;1;1;1;1;1;1
PPI;1132;3171;PPI;1;1;1;1;1;1;1;1;1;1;1
PPI;1143;3143;PPI;1;1;1;1;1;1;1;1;1;1;1
PPI;1148;1099;PPI;1;1;1;1;1;1;1;1;1;1;1
PPI;1152;1977;PPI;1;1;1;1;1;1;1;1;1;1;1
PPI;1157;1239;PPI;1;1;1;1;1;1;1;1;1;1;1
PPI;1158;2051;PPI;1;1;1;1;1;1;1;1;1;1;1
PPI;1158;189;PPI;1;1;1;1;1;1;1;1;1;1;1
PPI;1158;859;PPI;1;1;1;1;1;1;1;1;1;1;1
PPI;1158;2333;PPI;1;1;1;1;1;1;1;1;1;1;1
PPI;1158;639;PPI;1;1;1;1;1;1;1;1;1;1;1
PPI;1165;424;PPI;1;1;1;1;1;1;1;1;1;1;1
PPI;1171;3041;PPI;1;1;1;1;1;1;1;1;1;1;1
PPI;1179;1334;PPI;1;1;1;1;1;1;1;1;1;1;1
PPI;1181;273;PPI;1;1;1;1;1;1;1;1;1;1;1
PPI;1181;3518;PPI;1;1;1;1;1;1;1;1;1;1;1
PPI;1183;1697;PPI;1;1;1;1;1;1;1;1;1;1;1
PPI;1187;3189;PPI;1;1;1;1;1;1;1;1;1;1;1
PPI;1192;3587;PPI;1;1;1;1;1;1;1;1;1;1;1
PPI;1204;2407;PPI;1;1;1;1;1;1;1;1;1;1;1
PPI;1206;358;PPI;1;1;1;1;1;1;1;1;1;1;1
PPI;1219;253;PPI;1;1;1;1;1;1;1;1;1;1;1
PPI;1219;1011;PPI;1;1;1;1;1;1;1;1;1;1;1
PPI;1219;800;PPI;1;1;1;1;1;1;1;1;1;1;1
PPI;1219;3736;PPI;1;1;1;1;1;1;1;1;1;1;1
PPI;1219;867;PPI;1;1;1;1;1;1;1;1;1;1;1
PPI;1234;429;PPI;1;1;1;1;1;1;1;1;1;1;1
PPI;1245;2187;PPI;1;1;1;1;1;1;1;1;1;1;1
PPI;1246;624;PPI;1;1;1;1;1;1;1;1;1;1;1
PPI;1249;511;PPI;1;1;1;1;1;1;1;1;1;1;1
PPI;1254;453;PPI;1;1;1;1;1;1;1;1;1;1;1
PPI;1254;581;PPI;1;1;1;1;1;1;1;1;1;1;1
PPI;1255;1324;PPI;1;1;1;1;1;1;1;1;1;1;1
PPI;1257;3534;PPI;1;1;1;1;1;1;1;1;1;1;1
PPI;1257;2369;PPI;1;1;1;1;1;1;1;1;1;1;1
PPI;1258;1011;PPI;1;1;1;1;1;1;1;1;1;1;1
PPI;1258;2825;PPI;1;1;1;1;1;1;1;1;1;1;1
PPI;1259;1518;PPI;1;1;1;1;1;1;1;1;1;1;1
PPI;1259;2383;PPI;1;1;1;1;1;1;1;1;1;1;1
PPI;1259;1114;PPI;1;1;1;1;1;1;1;1;1;1;1
PPI;1259;357;PPI;1;1;1;1;1;1;1;1;1;1;1
PPI;1267;883;PPI;1;1;1;1;1;1;1;1;1;1;1
PPI;1268;2057;PPI;1;1;1;1;1;1;1;1;1;1;1
PPI;1268;2208;PPI;1;1;1;1;1;1;1;1;1;1;1
PPI;1268;970;PPI;1;1;1;1;1;1;1;1;1;1;1
PPI;1271;3606;PPI;1;1;1;1;1;1;1;1;1;1;1
PPI;1271;2918;PPI;1;1;1;1;1;1;1;1;1;1;1
PPI;1273;230;PPI;1;1;1;1;1;1;1;1;1;1;1
PPI;1273;3536;PPI;1;1;1;1;1;1;1;1;1;1;1
PPI;1285;3575;PPI;1;1;1;1;1;1;1;1;1;1;1
PPI;1300;3214;PPI;1;1;1;1;1;1;1;1;1;1;1
PPI;1301;102;PPI;1;1;1;1;1;1;1;1;1;1;1
PPI;1301;3111;PPI;1;1;1;1;1;1;1;1;1;1;1
PPI;1316;1011;PPI;1;1;1;1;1;1;1;1;1;1;1
PPI;1321;65;PPI;1;1;1;1;1;1;1;1;1;1;1
PPI;1323;3473;PPI;1;1;1;1;1;1;1;1;1;1;1
PPI;1323;1659;PPI;1;1;1;1;1;1;1;1;1;1;1
PPI;1323;941;PPI;1;1;1;1;1;1;1;1;1;1;1
PPI;1323;3017;PPI;1;1;1;1;1;1;1;1;1;1;1
PPI;1323;224;PPI;1;1;1;1;1;1;1;1;1;1;1
PPI;1330;1937;PPI;1;1;1;1;1;1;1;1;1;1;1
PPI;1330;1324;PPI;1;1;1;1;1;1;1;1;1;1;1
PPI;1330;970;PPI;1;1;1;1;1;1;1;1;1;1;1
PPI;1340;360;PPI;1;1;1;1;1;1;1;1;1;1;1
PPI;1344;1390;PPI;1;1;1;1;1;1;1;1;1;1;1
PPI;1344;2668;PPI;1;1;1;1;1;1;1;1;1;1;1
PPI;1344;1656;PPI;1;1;1;1;1;1;1;1;1;1;1
PPI;1344;540;PPI;1;1;1;1;1;1;1;1;1;1;1
PPI;1344;2795;PPI;1;1;1;1;1;1;1;1;1;1;1
PPI;1344;2383;PPI;1;1;1;1;1;1;1;1;1;1;1
PPI;1344;2000;PPI;1;1;1;1;1;1;1;1;1;1;1
PPI;1344;3757;PPI;1;1;1;1;1;1;1;1;1;1;1
PPI;1344;2165;PPI;1;1;1;1;1;1;1;1;1;1;1
PPI;1344;224;PPI;1;1;1;1;1;1;1;1;1;1;1
PPI;1348;3171;PPI;1;1;1;1;1;1;1;1;1;1;1
PPI;1348;1322;PPI;1;1;1;1;1;1;1;1;1;1;1
PPI;1348;3202;PPI;1;1;1;1;1;1;1;1;1;1;1
PPI;1348;2114;PPI;1;1;1;1;1;1;1;1;1;1;1
PPI;1348;420;PPI;1;1;1;1;1;1;1;1;1;1;1
PPI;1349;3171;PPI;1;1;1;1;1;1;1;1;1;1;1
PPI;1361;1591;PPI;1;1;1;1;1;1;1;1;1;1;1
PPI;1368;3171;PPI;1;1;1;1;1;1;1;1;1;1;1
PPI;1368;1582;PPI;1;1;1;1;1;1;1;1;1;1;1
PPI;1385;3730;PPI;1;1;1;1;1;1;1;1;1;1;1
PPI;1387;466;PPI;1;1;1;1;1;1;1;1;1;1;1
PPI;1394;2342;PPI;1;1;1;1;1;1;1;1;1;1;1
PPI;1397;2035;PPI;1;1;1;1;1;1;1;1;1;1;1
PPI;1427;1183;PPI;1;1;1;1;1;1;1;1;1;1;1
PPI;1427;143;PPI;1;1;1;1;1;1;1;1;1;1;1
PPI;1427;2074;PPI;1;1;1;1;1;1;1;1;1;1;1
PPI;1427;519;PPI;1;1;1;1;1;1;1;1;1;1;1
PPI;1433;131;PPI;1;1;1;1;1;1;1;1;1;1;1
PPI;1450;2832;PPI;1;1;1;1;1;1;1;1;1;1;1
PPI;1460;2562;PPI;1;1;1;1;1;1;1;1;1;1;1
PPI;1460;3041;PPI;1;1;1;1;1;1;1;1;1;1;1
PPI;1460;1171;PPI;1;1;1;1;1;1;1;1;1;1;1
PPI;1464;2817;PPI;1;1;1;1;1;1;1;1;1;1;1
PPI;1467;3171;PPI;1;1;1;1;1;1;1;1;1;1;1
PPI;1471;2187;PPI;1;1;1;1;1;1;1;1;1;1;1
PPI;1473;64;PPI;1;1;1;1;1;1;1;1;1;1;1
PPI;1486;2172;PPI;1;1;1;1;1;1;1;1;1;1;1
PPI;1487;1011;PPI;1;1;1;1;1;1;1;1;1;1;1
PPI;1487;2175;PPI;1;1;1;1;1;1;1;1;1;1;1
PPI;1487;4142;PPI;1;1;1;1;1;1;1;1;1;1;1
PPI;1487;454;PPI;1;1;1;1;1;1;1;1;1;1;1
PPI;1487;424;PPI;1;1;1;1;1;1;1;1;1;1;1
PPI;1492;2103;PPI;1;1;1;1;1;1;1;1;1;1;1
PPI;1492;564;PPI;1;1;1;1;1;1;1;1;1;1;1
PPI;1497;3987;PPI;1;1;1;1;1;1;1;1;1;1;1
PPI;1497;1362;PPI;1;1;1;1;1;1;1;1;1;1;1
PPI;1498;886;PPI;1;1;1;1;1;1;1;1;1;1;1
PPI;1498;3593;PPI;1;1;1;1;1;1;1;1;1;1;1
PPI;1498;1890;PPI;1;1;1;1;1;1;1;1;1;1;1
PPI;1498;2000;PPI;1;1;1;1;1;1;1;1;1;1;1
PPI;1498;587;PPI;1;1;1;1;1;1;1;1;1;1;1
PPI;1501;981;PPI;1;1;1;1;1;1;1;1;1;1;1
PPI;1501;914;PPI;1;1;1;1;1;1;1;1;1;1;1
PPI;1508;1011;PPI;1;1;1;1;1;1;1;1;1;1;1
PPI;1508;2229;PPI;1;1;1;1;1;1;1;1;1;1;1
PPI;1508;2754;PPI;1;1;1;1;1;1;1;1;1;1;1
PPI;1508;2484;PPI;1;1;1;1;1;1;1;1;1;1;1
PPI;1509;3575;PPI;1;1;1;1;1;1;1;1;1;1;1
PPI;1510;1400;PPI;1;1;1;1;1;1;1;1;1;1;1
PPI;1521;1858;PPI;1;1;1;1;1;1;1;1;1;1;1
PPI;1522;3339;PPI;1;1;1;1;1;1;1;1;1;1;1
PPI;1535;190;PPI;1;1;1;1;1;1;1;1;1;1;1
PPI;1539;2000;PPI;1;1;1;1;1;1;1;1;1;1;1
PPI;1540;2200;PPI;1;1;1;1;1;1;1;1;1;1;1
PPI;1549;161;PPI;1;1;1;1;1;1;1;1;1;1;1
PPI;1560;48;PPI;1;1;1;1;1;1;1;1;1;1;1
PPI;1560;1095;PPI;1;1;1;1;1;1;1;1;1;1;1
PPI;1560;2000;PPI;1;1;1;1;1;1;1;1;1;1;1
PPI;1563;2035;PPI;1;1;1;1;1;1;1;1;1;1;1
PPI;1572;135;PPI;1;1;1;1;1;1;1;1;1;1;1
PPI;1575;1721;PPI;1;1;1;1;1;1;1;1;1;1;1
PPI;1579;298;PPI;1;1;1;1;1;1;1;1;1;1;1
PPI;1579;3140;PPI;1;1;1;1;1;1;1;1;1;1;1
PPI;1582;3171;PPI;1;1;1;1;1;1;1;1;1;1;1
PPI;1585;155;PPI;1;1;1;1;1;1;1;1;1;1;1
PPI;1586;3534;PPI;1;1;1;1;1;1;1;1;1;1;1
PPI;1587;3654;PPI;1;1;1;1;1;1;1;1;1;1;1
PPI;1594;190;PPI;1;1;1;1;1;1;1;1;1;1;1
PPI;1615;298;PPI;1;1;1;1;1;1;1;1;1;1;1
PPI;1618;3375;PPI;1;1;1;1;1;1;1;1;1;1;1
PPI;1618;2000;PPI;1;1;1;1;1;1;1;1;1;1;1
PPI;1619;398;PPI;1;1;1;1;1;1;1;1;1;1;1
PPI;1622;3388;PPI;1;1;1;1;1;1;1;1;1;1;1
PPI;1622;2793;PPI;1;1;1;1;1;1;1;1;1;1;1
PPI;1622;631;PPI;1;1;1;1;1;1;1;1;1;1;1
PPI;1628;2080;PPI;1;1;1;1;1;1;1;1;1;1;1
PPI;1628;2172;PPI;1;1;1;1;1;1;1;1;1;1;1
PPI;1639;2481;PPI;1;1;1;1;1;1;1;1;1;1;1
PPI;1639;548;PPI;1;1;1;1;1;1;1;1;1;1;1
PPI;1654;2135;PPI;1;1;1;1;1;1;1;1;1;1;1
PPI;1656;1838;PPI;1;1;1;1;1;1;1;1;1;1;1
PPI;1656;3587;PPI;1;1;1;1;1;1;1;1;1;1;1
PPI;1668;1192;PPI;1;1;1;1;1;1;1;1;1;1;1
PPI;1674;1787;PPI;1;1;1;1;1;1;1;1;1;1;1
PPI;1686;1011;PPI;1;1;1;1;1;1;1;1;1;1;1
PPI;1686;511;PPI;1;1;1;1;1;1;1;1;1;1;1
PPI;1686;561;PPI;1;1;1;1;1;1;1;1;1;1;1
PPI;1694;941;PPI;1;1;1;1;1;1;1;1;1;1;1
PPI;1700;133;PPI;1;1;1;1;1;1;1;1;1;1;1
PPI;1711;3487;PPI;1;1;1;1;1;1;1;1;1;1;1
PPI;1712;3846;PPI;1;1;1;1;1;1;1;1;1;1;1
PPI;1712;3311;PPI;1;1;1;1;1;1;1;1;1;1;1
PPI;1725;3518;PPI;1;1;1;1;1;1;1;1;1;1;1
PPI;1728;103;PPI;1;1;1;1;1;1;1;1;1;1;1
PPI;1728;3171;PPI;1;1;1;1;1;1;1;1;1;1;1
PPI;1728;561;PPI;1;1;1;1;1;1;1;1;1;1;1
PPI;1728;1877;PPI;1;1;1;1;1;1;1;1;1;1;1
PPI;1729;328;PPI;1;1;1;1;1;1;1;1;1;1;1
PPI;1740;262;PPI;1;1;1;1;1;1;1;1;1;1;1
PPI;1740;1259;PPI;1;1;1;1;1;1;1;1;1;1;1
PPI;1740;1518;PPI;1;1;1;1;1;1;1;1;1;1;1
PPI;1740;2383;PPI;1;1;1;1;1;1;1;1;1;1;1
PPI;1740;1114;PPI;1;1;1;1;1;1;1;1;1;1;1
PPI;1740;2165;PPI;1;1;1;1;1;1;1;1;1;1;1
PPI;1749;2016;PPI;1;1;1;1;1;1;1;1;1;1;1
PPI;1750;3466;PPI;1;1;1;1;1;1;1;1;1;1;1
PPI;1750;2403;PPI;1;1;1;1;1;1;1;1;1;1;1
PPI;1750;2652;PPI;1;1;1;1;1;1;1;1;1;1;1
PPI;1758;253;PPI;1;1;1;1;1;1;1;1;1;1;1
PPI;1758;220;PPI;1;1;1;1;1;1;1;1;1;1;1
PPI;1758;3171;PPI;1;1;1;1;1;1;1;1;1;1;1
PPI;1758;2198;PPI;1;1;1;1;1;1;1;1;1;1;1
PPI;1758;2652;PPI;1;1;1;1;1;1;1;1;1;1;1
PPI;1759;358;PPI;1;1;1;1;1;1;1;1;1;1;1
PPI;1761;3144;PPI;1;1;1;1;1;1;1;1;1;1;1
PPI;1770;1863;PPI;1;1;1;1;1;1;1;1;1;1;1
PPI;1770;291;PPI;1;1;1;1;1;1;1;1;1;1;1
PPI;1770;2693;PPI;1;1;1;1;1;1;1;1;1;1;1
PPI;1770;2333;PPI;1;1;1;1;1;1;1;1;1;1;1
PPI;1779;1622;PPI;1;1;1;1;1;1;1;1;1;1;1
PPI;1785;2570;PPI;1;1;1;1;1;1;1;1;1;1;1
PPI;1786;1565;PPI;1;1;1;1;1;1;1;1;1;1;1
PPI;1786;229;PPI;1;1;1;1;1;1;1;1;1;1;1
PPI;1789;3171;PPI;1;1;1;1;1;1;1;1;1;1;1
PPI;1789;1784;PPI;1;1;1;1;1;1;1;1;1;1;1
PPI;1789;2200;PPI;1;1;1;1;1;1;1;1;1;1;1
PPI;1789;2113;PPI;1;1;1;1;1;1;1;1;1;1;1
PPI;1789;1330;PPI;1;1;1;1;1;1;1;1;1;1;1
PPI;1789;970;PPI;1;1;1;1;1;1;1;1;1;1;1
PPI;1789;1540;PPI;1;1;1;1;1;1;1;1;1;1;1
PPI;1789;624;PPI;1;1;1;1;1;1;1;1;1;1;1
PPI;1789;914;PPI;1;1;1;1;1;1;1;1;1;1;1
PPI;1789;398;PPI;1;1;1;1;1;1;1;1;1;1;1
PPI;1789;363;PPI;1;1;1;1;1;1;1;1;1;1;1
PPI;1789;585;PPI;1;1;1;1;1;1;1;1;1;1;1
PPI;1789;2025;PPI;1;1;1;1;1;1;1;1;1;1;1
PPI;1803;420;PPI;1;1;1;1;1;1;1;1;1;1;1
PPI;1820;70;PPI;1;1;1;1;1;1;1;1;1;1;1
PPI;1820;3964;PPI;1;1;1;1;1;1;1;1;1;1;1
PPI;1820;3311;PPI;1;1;1;1;1;1;1;1;1;1;1
PPI;1820;1712;PPI;1;1;1;1;1;1;1;1;1;1;1
PPI;1820;2977;PPI;1;1;1;1;1;1;1;1;1;1;1
PPI;1824;1855;PPI;1;1;1;1;1;1;1;1;1;1;1
PPI;1824;1341;PPI;1;1;1;1;1;1;1;1;1;1;1
PPI;1835;3638;PPI;1;1;1;1;1;1;1;1;1;1;1
PPI;1835;156;PPI;1;1;1;1;1;1;1;1;1;1;1
PPI;1835;587;PPI;1;1;1;1;1;1;1;1;1;1;1
PPI;1838;469;PPI;1;1;1;1;1;1;1;1;1;1;1
PPI;1839;16;PPI;1;1;1;1;1;1;1;1;1;1;1
PPI;1839;109;PPI;1;1;1;1;1;1;1;1;1;1;1
PPI;1841;3171;PPI;1;1;1;1;1;1;1;1;1;1;1
PPI;1841;122;PPI;1;1;1;1;1;1;1;1;1;1;1
PPI;1841;1171;PPI;1;1;1;1;1;1;1;1;1;1;1
PPI;1841;1460;PPI;1;1;1;1;1;1;1;1;1;1;1
PPI;1841;827;PPI;1;1;1;1;1;1;1;1;1;1;1
PPI;1849;3674;PPI;1;1;1;1;1;1;1;1;1;1;1
PPI;1855;2338;PPI;1;1;1;1;1;1;1;1;1;1;1
PPI;1858;3746;PPI;1;1;1;1;1;1;1;1;1;1;1
PPI;1861;191;PPI;1;1;1;1;1;1;1;1;1;1;1
PPI;1861;1182;PPI;1;1;1;1;1;1;1;1;1;1;1
PPI;1872;71;PPI;1;1;1;1;1;1;1;1;1;1;1
PPI;1872;3620;PPI;1;1;1;1;1;1;1;1;1;1;1
PPI;1880;1616;PPI;1;1;1;1;1;1;1;1;1;1;1
PPI;1880;466;PPI;1;1;1;1;1;1;1;1;1;1;1
PPI;1880;189;PPI;1;1;1;1;1;1;1;1;1;1;1
PPI;1880;2344;PPI;1;1;1;1;1;1;1;1;1;1;1
PPI;1880;1967;PPI;1;1;1;1;1;1;1;1;1;1;1
PPI;1880;126;PPI;1;1;1;1;1;1;1;1;1;1;1
PPI;1880;1879;PPI;1;1;1;1;1;1;1;1;1;1;1
PPI;1880;3673;PPI;1;1;1;1;1;1;1;1;1;1;1
PPI;1880;109;PPI;1;1;1;1;1;1;1;1;1;1;1
PPI;1891;1787;PPI;1;1;1;1;1;1;1;1;1;1;1
PPI;1898;366;PPI;1;1;1;1;1;1;1;1;1;1;1
PPI;1911;3321;PPI;1;1;1;1;1;1;1;1;1;1;1
PPI;1912;2383;PPI;1;1;1;1;1;1;1;1;1;1;1
PPI;1912;3697;PPI;1;1;1;1;1;1;1;1;1;1;1
PPI;1918;1579;PPI;1;1;1;1;1;1;1;1;1;1;1
PPI;1925;2328;PPI;1;1;1;1;1;1;1;1;1;1;1
PPI;1931;3171;PPI;1;1;1;1;1;1;1;1;1;1;1
PPI;1931;2535;PPI;1;1;1;1;1;1;1;1;1;1;1
PPI;1936;1731;PPI;1;1;1;1;1;1;1;1;1;1;1
PPI;1937;298;PPI;1;1;1;1;1;1;1;1;1;1;1
PPI;1945;1579;PPI;1;1;1;1;1;1;1;1;1;1;1
PPI;1949;64;PPI;1;1;1;1;1;1;1;1;1;1;1
PPI;1949;2283;PPI;1;1;1;1;1;1;1;1;1;1;1
PPI;1949;2484;PPI;1;1;1;1;1;1;1;1;1;1;1
PPI;1959;1579;PPI;1;1;1;1;1;1;1;1;1;1;1
PPI;1961;2035;PPI;1;1;1;1;1;1;1;1;1;1;1
PPI;1967;189;PPI;1;1;1;1;1;1;1;1;1;1;1
PPI;1977;2795;PPI;1;1;1;1;1;1;1;1;1;1;1
PPI;1977;678;PPI;1;1;1;1;1;1;1;1;1;1;1
PPI;1977;692;PPI;1;1;1;1;1;1;1;1;1;1;1
PPI;1977;758;PPI;1;1;1;1;1;1;1;1;1;1;1
PPI;1982;883;PPI;1;1;1;1;1;1;1;1;1;1;1
PPI;1995;2035;PPI;1;1;1;1;1;1;1;1;1;1;1
PPI;1995;3530;PPI;1;1;1;1;1;1;1;1;1;1;1
PPI;2000;2672;PPI;1;1;1;1;1;1;1;1;1;1;1
PPI;2000;3180;PPI;1;1;1;1;1;1;1;1;1;1;1
PPI;2000;3724;PPI;1;1;1;1;1;1;1;1;1;1;1
PPI;2000;1855;PPI;1;1;1;1;1;1;1;1;1;1;1
PPI;2000;1567;PPI;1;1;1;1;1;1;1;1;1;1;1
PPI;2000;298;PPI;1;1;1;1;1;1;1;1;1;1;1
PPI;2000;2125;PPI;1;1;1;1;1;1;1;1;1;1;1
PPI;2000;3318;PPI;1;1;1;1;1;1;1;1;1;1;1
PPI;2000;3536;PPI;1;1;1;1;1;1;1;1;1;1;1
PPI;2000;2595;PPI;1;1;1;1;1;1;1;1;1;1;1
PPI;2000;2135;PPI;1;1;1;1;1;1;1;1;1;1;1
PPI;2000;3638;PPI;1;1;1;1;1;1;1;1;1;1;1
PPI;2000;92;PPI;1;1;1;1;1;1;1;1;1;1;1
PPI;2000;2026;PPI;1;1;1;1;1;1;1;1;1;1;1
PPI;2000;4078;PPI;1;1;1;1;1;1;1;1;1;1;1
PPI;2000;3397;PPI;1;1;1;1;1;1;1;1;1;1;1
PPI;2000;1650;PPI;1;1;1;1;1;1;1;1;1;1;1
PPI;2000;131;PPI;1;1;1;1;1;1;1;1;1;1;1
PPI;2000;1801;PPI;1;1;1;1;1;1;1;1;1;1;1
PPI;2000;2652;PPI;1;1;1;1;1;1;1;1;1;1;1
PPI;2000;4197;PPI;1;1;1;1;1;1;1;1;1;1;1
PPI;2020;744;PPI;1;1;1;1;1;1;1;1;1;1;1
PPI;2020;306;PPI;1;1;1;1;1;1;1;1;1;1;1
PPI;2020;4145;PPI;1;1;1;1;1;1;1;1;1;1;1
PPI;2025;3143;PPI;1;1;1;1;1;1;1;1;1;1;1
PPI;2025;398;PPI;1;1;1;1;1;1;1;1;1;1;1
PPI;2027;2375;PPI;1;1;1;1;1;1;1;1;1;1;1
PPI;2027;2793;PPI;1;1;1;1;1;1;1;1;1;1;1
PPI;2027;970;PPI;1;1;1;1;1;1;1;1;1;1;1
PPI;2027;1758;PPI;1;1;1;1;1;1;1;1;1;1;1
PPI;2027;1824;PPI;1;1;1;1;1;1;1;1;1;1;1
PPI;2027;501;PPI;1;1;1;1;1;1;1;1;1;1;1
PPI;2034;298;PPI;1;1;1;1;1;1;1;1;1;1;1
PPI;2034;3846;PPI;1;1;1;1;1;1;1;1;1;1;1
PPI;2037;273;PPI;1;1;1;1;1;1;1;1;1;1;1
PPI;2037;3570;PPI;1;1;1;1;1;1;1;1;1;1;1
PPI;2044;2186;PPI;1;1;1;1;1;1;1;1;1;1;1
PPI;2045;1004;PPI;1;1;1;1;1;1;1;1;1;1;1
PPI;2045;1835;PPI;1;1;1;1;1;1;1;1;1;1;1
PPI;2054;1572;PPI;1;1;1;1;1;1;1;1;1;1;1
PPI;2057;1184;PPI;1;1;1;1;1;1;1;1;1;1;1
PPI;2057;3654;PPI;1;1;1;1;1;1;1;1;1;1;1
PPI;2057;2290;PPI;1;1;1;1;1;1;1;1;1;1;1
PPI;2062;3171;PPI;1;1;1;1;1;1;1;1;1;1;1
PPI;2062;1508;PPI;1;1;1;1;1;1;1;1;1;1;1
PPI;2083;358;PPI;1;1;1;1;1;1;1;1;1;1;1
PPI;2083;624;PPI;1;1;1;1;1;1;1;1;1;1;1
PPI;2083;229;PPI;1;1;1;1;1;1;1;1;1;1;1
PPI;2083;3143;PPI;1;1;1;1;1;1;1;1;1;1;1
PPI;2083;3007;PPI;1;1;1;1;1;1;1;1;1;1;1
PPI;2083;398;PPI;1;1;1;1;1;1;1;1;1;1;1
PPI;2083;363;PPI;1;1;1;1;1;1;1;1;1;1;1
PPI;2083;2681;PPI;1;1;1;1;1;1;1;1;1;1;1
PPI;2083;2025;PPI;1;1;1;1;1;1;1;1;1;1;1
PPI;2090;2070;PPI;1;1;1;1;1;1;1;1;1;1;1
PPI;2097;1011;PPI;1;1;1;1;1;1;1;1;1;1;1
PPI;2097;1462;PPI;1;1;1;1;1;1;1;1;1;1;1
PPI;2097;228;PPI;1;1;1;1;1;1;1;1;1;1;1
PPI;2097;2344;PPI;1;1;1;1;1;1;1;1;1;1;1
PPI;2097;452;PPI;1;1;1;1;1;1;1;1;1;1;1
PPI;2097;623;PPI;1;1;1;1;1;1;1;1;1;1;1
PPI;2097;2512;PPI;1;1;1;1;1;1;1;1;1;1;1
PPI;2097;1436;PPI;1;1;1;1;1;1;1;1;1;1;1
PPI;2098;1199;PPI;1;1;1;1;1;1;1;1;1;1;1
PPI;2100;3214;PPI;1;1;1;1;1;1;1;1;1;1;1
PPI;2106;2396;PPI;1;1;1;1;1;1;1;1;1;1;1
PPI;2110;1464;PPI;1;1;1;1;1;1;1;1;1;1;1
PPI;2110;2817;PPI;1;1;1;1;1;1;1;1;1;1;1
PPI;2114;1322;PPI;1;1;1;1;1;1;1;1;1;1;1
PPI;2114;3202;PPI;1;1;1;1;1;1;1;1;1;1;1
PPI;2114;420;PPI;1;1;1;1;1;1;1;1;1;1;1
PPI;2117;2776;PPI;1;1;1;1;1;1;1;1;1;1;1
PPI;2117;2817;PPI;1;1;1;1;1;1;1;1;1;1;1
PPI;2135;2497;PPI;1;1;1;1;1;1;1;1;1;1;1
PPI;2135;3655;PPI;1;1;1;1;1;1;1;1;1;1;1
PPI;2137;2567;PPI;1;1;1;1;1;1;1;1;1;1;1
PPI;2142;968;PPI;1;1;1;1;1;1;1;1;1;1;1
PPI;2146;3754;PPI;1;1;1;1;1;1;1;1;1;1;1
PPI;2147;614;PPI;1;1;1;1;1;1;1;1;1;1;1
PPI;2151;3171;PPI;1;1;1;1;1;1;1;1;1;1;1
PPI;2151;4168;PPI;1;1;1;1;1;1;1;1;1;1;1
PPI;2156;1959;PPI;1;1;1;1;1;1;1;1;1;1;1
PPI;2160;980;PPI;1;1;1;1;1;1;1;1;1;1;1
PPI;2177;997;PPI;1;1;1;1;1;1;1;1;1;1;1
PPI;2197;4413;PPI;1;1;1;1;1;1;1;1;1;1;1
PPI;2197;675;PPI;1;1;1;1;1;1;1;1;1;1;1
PPI;2212;111;PPI;1;1;1;1;1;1;1;1;1;1;1
PPI;2219;2233;PPI;1;1;1;1;1;1;1;1;1;1;1
PPI;2227;883;PPI;1;1;1;1;1;1;1;1;1;1;1
PPI;2235;1789;PPI;1;1;1;1;1;1;1;1;1;1;1
PPI;2241;3999;PPI;1;1;1;1;1;1;1;1;1;1;1
PPI;2249;1220;PPI;1;1;1;1;1;1;1;1;1;1;1
PPI;2253;1207;PPI;1;1;1;1;1;1;1;1;1;1;1
PPI;2253;1024;PPI;1;1;1;1;1;1;1;1;1;1;1
PPI;2262;3730;PPI;1;1;1;1;1;1;1;1;1;1;1
PPI;2276;1265;PPI;1;1;1;1;1;1;1;1;1;1;1
PPI;2283;1079;PPI;1;1;1;1;1;1;1;1;1;1;1
PPI;2290;2026;PPI;1;1;1;1;1;1;1;1;1;1;1
PPI;2307;790;PPI;1;1;1;1;1;1;1;1;1;1;1
PPI;2307;3226;PPI;1;1;1;1;1;1;1;1;1;1;1
PPI;2307;539;PPI;1;1;1;1;1;1;1;1;1;1;1
PPI;2307;3649;PPI;1;1;1;1;1;1;1;1;1;1;1
PPI;2307;1697;PPI;1;1;1;1;1;1;1;1;1;1;1
PPI;2307;1115;PPI;1;1;1;1;1;1;1;1;1;1;1
PPI;2307;2583;PPI;1;1;1;1;1;1;1;1;1;1;1
PPI;2307;1620;PPI;1;1;1;1;1;1;1;1;1;1;1
PPI;2307;1865;PPI;1;1;1;1;1;1;1;1;1;1;1
PPI;2307;2512;PPI;1;1;1;1;1;1;1;1;1;1;1
PPI;2307;2074;PPI;1;1;1;1;1;1;1;1;1;1;1
PPI;2307;2476;PPI;1;1;1;1;1;1;1;1;1;1;1
PPI;2307;246;PPI;1;1;1;1;1;1;1;1;1;1;1
PPI;2312;1667;PPI;1;1;1;1;1;1;1;1;1;1;1
PPI;2313;143;PPI;1;1;1;1;1;1;1;1;1;1;1
PPI;2319;3220;PPI;1;1;1;1;1;1;1;1;1;1;1
PPI;2319;3396;PPI;1;1;1;1;1;1;1;1;1;1;1
PPI;2319;2732;PPI;1;1;1;1;1;1;1;1;1;1;1
PPI;2319;1513;PPI;1;1;1;1;1;1;1;1;1;1;1
PPI;2319;3123;PPI;1;1;1;1;1;1;1;1;1;1;1
PPI;2319;3464;PPI;1;1;1;1;1;1;1;1;1;1;1
PPI;2324;2481;PPI;1;1;1;1;1;1;1;1;1;1;1
PPI;2326;1334;PPI;1;1;1;1;1;1;1;1;1;1;1
PPI;2328;3465;PPI;1;1;1;1;1;1;1;1;1;1;1
PPI;2328;3171;PPI;1;1;1;1;1;1;1;1;1;1;1
PPI;2328;1786;PPI;1;1;1;1;1;1;1;1;1;1;1
PPI;2328;3946;PPI;1;1;1;1;1;1;1;1;1;1;1
PPI;2338;2793;PPI;1;1;1;1;1;1;1;1;1;1;1
PPI;2342;1035;PPI;1;1;1;1;1;1;1;1;1;1;1
PPI;2348;1024;PPI;1;1;1;1;1;1;1;1;1;1;1
PPI;2349;1656;PPI;1;1;1;1;1;1;1;1;1;1;1
PPI;2349;2165;PPI;1;1;1;1;1;1;1;1;1;1;1
PPI;2356;3308;PPI;1;1;1;1;1;1;1;1;1;1;1
PPI;2356;2085;PPI;1;1;1;1;1;1;1;1;1;1;1
PPI;2365;2632;PPI;1;1;1;1;1;1;1;1;1;1;1
PPI;2367;2356;PPI;1;1;1;1;1;1;1;1;1;1;1
PPI;2375;227;PPI;1;1;1;1;1;1;1;1;1;1;1
PPI;2375;2283;PPI;1;1;1;1;1;1;1;1;1;1;1
PPI;2375;2484;PPI;1;1;1;1;1;1;1;1;1;1;1
PPI;2383;1114;PPI;1;1;1;1;1;1;1;1;1;1;1
PPI;2401;1967;PPI;1;1;1;1;1;1;1;1;1;1;1
PPI;2401;1880;PPI;1;1;1;1;1;1;1;1;1;1;1
PPI;2403;3654;PPI;1;1;1;1;1;1;1;1;1;1;1
PPI;2403;2034;PPI;1;1;1;1;1;1;1;1;1;1;1
PPI;2403;3570;PPI;1;1;1;1;1;1;1;1;1;1;1
PPI;2403;2290;PPI;1;1;1;1;1;1;1;1;1;1;1
PPI;2408;3219;PPI;1;1;1;1;1;1;1;1;1;1;1
PPI;2408;1032;PPI;1;1;1;1;1;1;1;1;1;1;1
PPI;2413;602;PPI;1;1;1;1;1;1;1;1;1;1;1
PPI;2414;1729;PPI;1;1;1;1;1;1;1;1;1;1;1
PPI;2414;2054;PPI;1;1;1;1;1;1;1;1;1;1;1
PPI;2423;479;PPI;1;1;1;1;1;1;1;1;1;1;1
PPI;2430;3171;PPI;1;1;1;1;1;1;1;1;1;1;1
PPI;2430;3570;PPI;1;1;1;1;1;1;1;1;1;1;1
PPI;2430;3375;PPI;1;1;1;1;1;1;1;1;1;1;1
PPI;2430;989;PPI;1;1;1;1;1;1;1;1;1;1;1
PPI;2431;2080;PPI;1;1;1;1;1;1;1;1;1;1;1
PPI;2438;290;PPI;1;1;1;1;1;1;1;1;1;1;1
PPI;2438;559;PPI;1;1;1;1;1;1;1;1;1;1;1
PPI;2440;1517;PPI;1;1;1;1;1;1;1;1;1;1;1
PPI;2443;222;PPI;1;1;1;1;1;1;1;1;1;1;1
PPI;2443;1520;PPI;1;1;1;1;1;1;1;1;1;1;1
PPI;2445;1880;PPI;1;1;1;1;1;1;1;1;1;1;1
PPI;2447;155;PPI;1;1;1;1;1;1;1;1;1;1;1
PPI;2449;3171;PPI;1;1;1;1;1;1;1;1;1;1;1
PPI;2449;1158;PPI;1;1;1;1;1;1;1;1;1;1;1
PPI;2476;1620;PPI;1;1;1;1;1;1;1;1;1;1;1
PPI;2476;401;PPI;1;1;1;1;1;1;1;1;1;1;1
PPI;2480;1283;PPI;1;1;1;1;1;1;1;1;1;1;1
PPI;2480;424;PPI;1;1;1;1;1;1;1;1;1;1;1
PPI;2481;64;PPI;1;1;1;1;1;1;1;1;1;1;1
PPI;2481;1196;PPI;1;1;1;1;1;1;1;1;1;1;1
PPI;2481;4385;PPI;1;1;1;1;1;1;1;1;1;1;1
PPI;2481;3222;PPI;1;1;1;1;1;1;1;1;1;1;1
PPI;2481;2283;PPI;1;1;1;1;1;1;1;1;1;1;1
PPI;2481;559;PPI;1;1;1;1;1;1;1;1;1;1;1
PPI;2481;67;PPI;1;1;1;1;1;1;1;1;1;1;1
PPI;2483;1273;PPI;1;1;1;1;1;1;1;1;1;1;1
PPI;2483;623;PPI;1;1;1;1;1;1;1;1;1;1;1
PPI;2484;261;PPI;1;1;1;1;1;1;1;1;1;1;1
PPI;2484;331;PPI;1;1;1;1;1;1;1;1;1;1;1
PPI;2484;2125;PPI;1;1;1;1;1;1;1;1;1;1;1
PPI;2484;2465;PPI;1;1;1;1;1;1;1;1;1;1;1
PPI;2484;913;PPI;1;1;1;1;1;1;1;1;1;1;1
PPI;2484;3509;PPI;1;1;1;1;1;1;1;1;1;1;1
PPI;2484;1529;PPI;1;1;1;1;1;1;1;1;1;1;1
PPI;2484;2198;PPI;1;1;1;1;1;1;1;1;1;1;1
PPI;2484;1204;PPI;1;1;1;1;1;1;1;1;1;1;1
PPI;2484;1035;PPI;1;1;1;1;1;1;1;1;1;1;1
PPI;2509;2693;PPI;1;1;1;1;1;1;1;1;1;1;1
PPI;2512;3276;PPI;1;1;1;1;1;1;1;1;1;1;1
PPI;2512;2080;PPI;1;1;1;1;1;1;1;1;1;1;1
PPI;2512;2344;PPI;1;1;1;1;1;1;1;1;1;1;1
PPI;2512;126;PPI;1;1;1;1;1;1;1;1;1;1;1
PPI;2512;1436;PPI;1;1;1;1;1;1;1;1;1;1;1
PPI;2521;2540;PPI;1;1;1;1;1;1;1;1;1;1;1
PPI;2521;1517;PPI;1;1;1;1;1;1;1;1;1;1;1
PPI;2521;1032;PPI;1;1;1;1;1;1;1;1;1;1;1
PPI;2524;3085;PPI;1;1;1;1;1;1;1;1;1;1;1
PPI;2525;3557;PPI;1;1;1;1;1;1;1;1;1;1;1
PPI;2525;1694;PPI;1;1;1;1;1;1;1;1;1;1;1
PPI;2528;2983;PPI;1;1;1;1;1;1;1;1;1;1;1
PPI;2528;281;PPI;1;1;1;1;1;1;1;1;1;1;1
PPI;2534;2403;PPI;1;1;1;1;1;1;1;1;1;1;1
PPI;2534;517;PPI;1;1;1;1;1;1;1;1;1;1;1
PPI;2534;2118;PPI;1;1;1;1;1;1;1;1;1;1;1
PPI;2534;2000;PPI;1;1;1;1;1;1;1;1;1;1;1
PPI;2534;424;PPI;1;1;1;1;1;1;1;1;1;1;1
PPI;2536;1390;PPI;1;1;1;1;1;1;1;1;1;1;1
PPI;2536;2549;PPI;1;1;1;1;1;1;1;1;1;1;1
PPI;2540;3422;PPI;1;1;1;1;1;1;1;1;1;1;1
PPI;2540;1517;PPI;1;1;1;1;1;1;1;1;1;1;1
PPI;2549;2180;PPI;1;1;1;1;1;1;1;1;1;1;1
PPI;2559;2044;PPI;1;1;1;1;1;1;1;1;1;1;1
PPI;2559;2186;PPI;1;1;1;1;1;1;1;1;1;1;1
PPI;2567;561;PPI;1;1;1;1;1;1;1;1;1;1;1
PPI;2567;1937;PPI;1;1;1;1;1;1;1;1;1;1;1
PPI;2567;2290;PPI;1;1;1;1;1;1;1;1;1;1;1
PPI;2573;3171;PPI;1;1;1;1;1;1;1;1;1;1;1
PPI;2576;290;PPI;1;1;1;1;1;1;1;1;1;1;1
PPI;2578;832;PPI;1;1;1;1;1;1;1;1;1;1;1
PPI;2582;1660;PPI;1;1;1;1;1;1;1;1;1;1;1
PPI;2582;27;PPI;1;1;1;1;1;1;1;1;1;1;1
PPI;2601;3343;PPI;1;1;1;1;1;1;1;1;1;1;1
PPI;2601;2818;PPI;1;1;1;1;1;1;1;1;1;1;1
PPI;2601;3171;PPI;1;1;1;1;1;1;1;1;1;1;1
PPI;2601;1697;PPI;1;1;1;1;1;1;1;1;1;1;1
PPI;2601;1273;PPI;1;1;1;1;1;1;1;1;1;1;1
PPI;2601;2583;PPI;1;1;1;1;1;1;1;1;1;1;1
PPI;2601;2419;PPI;1;1;1;1;1;1;1;1;1;1;1
PPI;2601;424;PPI;1;1;1;1;1;1;1;1;1;1;1
PPI;2611;1011;PPI;1;1;1;1;1;1;1;1;1;1;1
PPI;2611;2062;PPI;1;1;1;1;1;1;1;1;1;1;1
PPI;2611;3123;PPI;1;1;1;1;1;1;1;1;1;1;1
PPI;2611;345;PPI;1;1;1;1;1;1;1;1;1;1;1
PPI;2611;1508;PPI;1;1;1;1;1;1;1;1;1;1;1
PPI;2632;1267;PPI;1;1;1;1;1;1;1;1;1;1;1
PPI;2632;2356;PPI;1;1;1;1;1;1;1;1;1;1;1
PPI;2632;883;PPI;1;1;1;1;1;1;1;1;1;1;1
PPI;2634;2909;PPI;1;1;1;1;1;1;1;1;1;1;1
PPI;2646;291;PPI;1;1;1;1;1;1;1;1;1;1;1
PPI;2646;2693;PPI;1;1;1;1;1;1;1;1;1;1;1
PPI;2646;1770;PPI;1;1;1;1;1;1;1;1;1;1;1
PPI;2652;3536;PPI;1;1;1;1;1;1;1;1;1;1;1
PPI;2658;3417;PPI;1;1;1;1;1;1;1;1;1;1;1
PPI;2658;1037;PPI;1;1;1;1;1;1;1;1;1;1;1
PPI;2666;2909;PPI;1;1;1;1;1;1;1;1;1;1;1
PPI;2668;1412;PPI;1;1;1;1;1;1;1;1;1;1;1
PPI;2668;1656;PPI;1;1;1;1;1;1;1;1;1;1;1
PPI;2668;703;PPI;1;1;1;1;1;1;1;1;1;1;1
PPI;2668;3288;PPI;1;1;1;1;1;1;1;1;1;1;1
PPI;2668;796;PPI;1;1;1;1;1;1;1;1;1;1;1
PPI;2668;678;PPI;1;1;1;1;1;1;1;1;1;1;1
PPI;2668;692;PPI;1;1;1;1;1;1;1;1;1;1;1
PPI;2668;3697;PPI;1;1;1;1;1;1;1;1;1;1;1
PPI;2681;3143;PPI;1;1;1;1;1;1;1;1;1;1;1
PPI;2681;3007;PPI;1;1;1;1;1;1;1;1;1;1;1
PPI;2688;2693;PPI;1;1;1;1;1;1;1;1;1;1;1
PPI;2691;467;PPI;1;1;1;1;1;1;1;1;1;1;1
PPI;2693;2333;PPI;1;1;1;1;1;1;1;1;1;1;1
PPI;2697;4070;PPI;1;1;1;1;1;1;1;1;1;1;1
PPI;2700;804;PPI;1;1;1;1;1;1;1;1;1;1;1
PPI;2711;2537;PPI;1;1;1;1;1;1;1;1;1;1;1
PPI;2722;2601;PPI;1;1;1;1;1;1;1;1;1;1;1
PPI;2731;331;PPI;1;1;1;1;1;1;1;1;1;1;1
PPI;2732;3396;PPI;1;1;1;1;1;1;1;1;1;1;1
PPI;2740;1768;PPI;1;1;1;1;1;1;1;1;1;1;1
PPI;2740;126;PPI;1;1;1;1;1;1;1;1;1;1;1
PPI;2740;170;PPI;1;1;1;1;1;1;1;1;1;1;1
PPI;2740;3489;PPI;1;1;1;1;1;1;1;1;1;1;1
PPI;2743;2290;PPI;1;1;1;1;1;1;1;1;1;1;1
PPI;2749;1959;PPI;1;1;1;1;1;1;1;1;1;1;1
PPI;2749;1004;PPI;1;1;1;1;1;1;1;1;1;1;1
PPI;2754;1616;PPI;1;1;1;1;1;1;1;1;1;1;1
PPI;2754;3799;PPI;1;1;1;1;1;1;1;1;1;1;1
PPI;2755;970;PPI;1;1;1;1;1;1;1;1;1;1;1
PPI;2767;1011;PPI;1;1;1;1;1;1;1;1;1;1;1
PPI;2776;3171;PPI;1;1;1;1;1;1;1;1;1;1;1
PPI;2776;894;PPI;1;1;1;1;1;1;1;1;1;1;1
PPI;2776;1758;PPI;1;1;1;1;1;1;1;1;1;1;1
PPI;2776;2956;PPI;1;1;1;1;1;1;1;1;1;1;1
PPI;2784;2116;PPI;1;1;1;1;1;1;1;1;1;1;1
PPI;2791;290;PPI;1;1;1;1;1;1;1;1;1;1;1
PPI;2795;3730;PPI;1;1;1;1;1;1;1;1;1;1;1
PPI;2795;3219;PPI;1;1;1;1;1;1;1;1;1;1;1
PPI;2795;1571;PPI;1;1;1;1;1;1;1;1;1;1;1
PPI;2795;1220;PPI;1;1;1;1;1;1;1;1;1;1;1
PPI;2795;2283;PPI;1;1;1;1;1;1;1;1;1;1;1
PPI;2795;357;PPI;1;1;1;1;1;1;1;1;1;1;1
PPI;2803;3746;PPI;1;1;1;1;1;1;1;1;1;1;1
PPI;2803;2383;PPI;1;1;1;1;1;1;1;1;1;1;1
PPI;2812;2666;PPI;1;1;1;1;1;1;1;1;1;1;1
PPI;2812;3747;PPI;1;1;1;1;1;1;1;1;1;1;1
PPI;2816;2233;PPI;1;1;1;1;1;1;1;1;1;1;1
PPI;2818;3343;PPI;1;1;1;1;1;1;1;1;1;1;1
PPI;2818;3171;PPI;1;1;1;1;1;1;1;1;1;1;1
PPI;2825;3370;PPI;1;1;1;1;1;1;1;1;1;1;1
PPI;2863;3436;PPI;1;1;1;1;1;1;1;1;1;1;1
PPI;2863;2959;PPI;1;1;1;1;1;1;1;1;1;1;1
PPI;2863;2233;PPI;1;1;1;1;1;1;1;1;1;1;1
PPI;2866;212;PPI;1;1;1;1;1;1;1;1;1;1;1
PPI;2866;2000;PPI;1;1;1;1;1;1;1;1;1;1;1
PPI;2867;2570;PPI;1;1;1;1;1;1;1;1;1;1;1
PPI;2877;2480;PPI;1;1;1;1;1;1;1;1;1;1;1
PPI;2884;1743;PPI;1;1;1;1;1;1;1;1;1;1;1
PPI;2887;3171;PPI;1;1;1;1;1;1;1;1;1;1;1
PPI;2887;3638;PPI;1;1;1;1;1;1;1;1;1;1;1
PPI;2890;3987;PPI;1;1;1;1;1;1;1;1;1;1;1
PPI;2902;678;PPI;1;1;1;1;1;1;1;1;1;1;1
PPI;2913;1011;PPI;1;1;1;1;1;1;1;1;1;1;1
PPI;2913;2521;PPI;1;1;1;1;1;1;1;1;1;1;1
PPI;2929;1192;PPI;1;1;1;1;1;1;1;1;1;1;1
PPI;2929;1758;PPI;1;1;1;1;1;1;1;1;1;1;1
PPI;2936;1329;PPI;1;1;1;1;1;1;1;1;1;1;1
PPI;2956;894;PPI;1;1;1;1;1;1;1;1;1;1;1
PPI;2959;3436;PPI;1;1;1;1;1;1;1;1;1;1;1
PPI;2959;2233;PPI;1;1;1;1;1;1;1;1;1;1;1
PPI;2959;1273;PPI;1;1;1;1;1;1;1;1;1;1;1
PPI;2959;1705;PPI;1;1;1;1;1;1;1;1;1;1;1
PPI;2959;2816;PPI;1;1;1;1;1;1;1;1;1;1;1
PPI;2959;3020;PPI;1;1;1;1;1;1;1;1;1;1;1
PPI;2972;3956;PPI;1;1;1;1;1;1;1;1;1;1;1
PPI;2973;1493;PPI;1;1;1;1;1;1;1;1;1;1;1
PPI;2973;2447;PPI;1;1;1;1;1;1;1;1;1;1;1
PPI;2976;970;PPI;1;1;1;1;1;1;1;1;1;1;1
PPI;2976;358;PPI;1;1;1;1;1;1;1;1;1;1;1
PPI;2976;2290;PPI;1;1;1;1;1;1;1;1;1;1;1
PPI;2977;3222;PPI;1;1;1;1;1;1;1;1;1;1;1
PPI;2983;3171;PPI;1;1;1;1;1;1;1;1;1;1;1
PPI;2985;3071;PPI;1;1;1;1;1;1;1;1;1;1;1
PPI;2993;3881;PPI;1;1;1;1;1;1;1;1;1;1;1
PPI;3007;3143;PPI;1;1;1;1;1;1;1;1;1;1;1
PPI;3010;1098;PPI;1;1;1;1;1;1;1;1;1;1;1
PPI;3010;1601;PPI;1;1;1;1;1;1;1;1;1;1;1
PPI;3012;429;PPI;1;1;1;1;1;1;1;1;1;1;1
PPI;3013;864;PPI;1;1;1;1;1;1;1;1;1;1;1
PPI;3013;2135;PPI;1;1;1;1;1;1;1;1;1;1;1
PPI;3017;1011;PPI;1;1;1;1;1;1;1;1;1;1;1
PPI;3017;3730;PPI;1;1;1;1;1;1;1;1;1;1;1
PPI;3017;2812;PPI;1;1;1;1;1;1;1;1;1;1;1
PPI;3017;2795;PPI;1;1;1;1;1;1;1;1;1;1;1
PPI;3017;1259;PPI;1;1;1;1;1;1;1;1;1;1;1
PPI;3017;1046;PPI;1;1;1;1;1;1;1;1;1;1;1
PPI;3020;3436;PPI;1;1;1;1;1;1;1;1;1;1;1
PPI;3020;2233;PPI;1;1;1;1;1;1;1;1;1;1;1
PPI;3027;1950;PPI;1;1;1;1;1;1;1;1;1;1;1
PPI;3031;3288;PPI;1;1;1;1;1;1;1;1;1;1;1
PPI;3031;1035;PPI;1;1;1;1;1;1;1;1;1;1;1
PPI;3041;952;PPI;1;1;1;1;1;1;1;1;1;1;1
PPI;3041;2356;PPI;1;1;1;1;1;1;1;1;1;1;1
PPI;3056;111;PPI;1;1;1;1;1;1;1;1;1;1;1
PPI;3070;3171;PPI;1;1;1;1;1;1;1;1;1;1;1
PPI;3070;2570;PPI;1;1;1;1;1;1;1;1;1;1;1
PPI;3070;2172;PPI;1;1;1;1;1;1;1;1;1;1;1
PPI;3071;3171;PPI;1;1;1;1;1;1;1;1;1;1;1
PPI;3071;1177;PPI;1;1;1;1;1;1;1;1;1;1;1
PPI;3072;3424;PPI;1;1;1;1;1;1;1;1;1;1;1
PPI;3085;3171;PPI;1;1;1;1;1;1;1;1;1;1;1
PPI;3085;2072;PPI;1;1;1;1;1;1;1;1;1;1;1
PPI;3089;3171;PPI;1;1;1;1;1;1;1;1;1;1;1
PPI;3089;3183;PPI;1;1;1;1;1;1;1;1;1;1;1
PPI;3093;328;PPI;1;1;1;1;1;1;1;1;1;1;1
PPI;3093;64;PPI;1;1;1;1;1;1;1;1;1;1;1
PPI;3100;2668;PPI;1;1;1;1;1;1;1;1;1;1;1
PPI;3100;93;PPI;1;1;1;1;1;1;1;1;1;1;1
PPI;3100;224;PPI;1;1;1;1;1;1;1;1;1;1;1
PPI;3109;2696;PPI;1;1;1;1;1;1;1;1;1;1;1
PPI;3113;1011;PPI;1;1;1;1;1;1;1;1;1;1;1
PPI;3113;1348;PPI;1;1;1;1;1;1;1;1;1;1;1
PPI;3113;3202;PPI;1;1;1;1;1;1;1;1;1;1;1
PPI;3113;2114;PPI;1;1;1;1;1;1;1;1;1;1;1
PPI;3113;543;PPI;1;1;1;1;1;1;1;1;1;1;1
PPI;3123;2884;PPI;1;1;1;1;1;1;1;1;1;1;1
PPI;3123;3396;PPI;1;1;1;1;1;1;1;1;1;1;1
PPI;3123;3041;PPI;1;1;1;1;1;1;1;1;1;1;1
PPI;3123;75;PPI;1;1;1;1;1;1;1;1;1;1;1
PPI;3123;2732;PPI;1;1;1;1;1;1;1;1;1;1;1
PPI;3123;1492;PPI;1;1;1;1;1;1;1;1;1;1;1
PPI;3123;345;PPI;1;1;1;1;1;1;1;1;1;1;1
PPI;3123;3464;PPI;1;1;1;1;1;1;1;1;1;1;1
PPI;3123;1508;PPI;1;1;1;1;1;1;1;1;1;1;1
PPI;3123;2484;PPI;1;1;1;1;1;1;1;1;1;1;1
PPI;3136;531;PPI;1;1;1;1;1;1;1;1;1;1;1
PPI;3136;1911;PPI;1;1;1;1;1;1;1;1;1;1;1
PPI;3138;65;PPI;1;1;1;1;1;1;1;1;1;1;1
PPI;3141;3654;PPI;1;1;1;1;1;1;1;1;1;1;1
PPI;3141;4163;PPI;1;1;1;1;1;1;1;1;1;1;1
PPI;3153;3214;PPI;1;1;1;1;1;1;1;1;1;1;1
PPI;3159;1007;PPI;1;1;1;1;1;1;1;1;1;1;1
PPI;3161;1324;PPI;1;1;1;1;1;1;1;1;1;1;1
PPI;3161;112;PPI;1;1;1;1;1;1;1;1;1;1;1
PPI;3165;3450;PPI;1;1;1;1;1;1;1;1;1;1;1
PPI;3171;2070;PPI;1;1;1;1;1;1;1;1;1;1;1
PPI;3171;3276;PPI;1;1;1;1;1;1;1;1;1;1;1
PPI;3171;3736;PPI;1;1;1;1;1;1;1;1;1;1;1
PPI;3171;2760;PPI;1;1;1;1;1;1;1;1;1;1;1
PPI;3171;1659;PPI;1;1;1;1;1;1;1;1;1;1;1
PPI;3171;1336;PPI;1;1;1;1;1;1;1;1;1;1;1
PPI;3171;2533;PPI;1;1;1;1;1;1;1;1;1;1;1
PPI;3171;913;PPI;1;1;1;1;1;1;1;1;1;1;1
PPI;3171;1937;PPI;1;1;1;1;1;1;1;1;1;1;1
PPI;3171;189;PPI;1;1;1;1;1;1;1;1;1;1;1
PPI;3171;3308;PPI;1;1;1;1;1;1;1;1;1;1;1
PPI;3171;859;PPI;1;1;1;1;1;1;1;1;1;1;1
PPI;3171;1967;PPI;1;1;1;1;1;1;1;1;1;1;1
PPI;3171;3140;PPI;1;1;1;1;1;1;1;1;1;1;1
PPI;3171;1226;PPI;1;1;1;1;1;1;1;1;1;1;1
PPI;3171;240;PPI;1;1;1;1;1;1;1;1;1;1;1
PPI;3171;3575;PPI;1;1;1;1;1;1;1;1;1;1;1
PPI;3171;1620;PPI;1;1;1;1;1;1;1;1;1;1;1
PPI;3171;3239;PPI;1;1;1;1;1;1;1;1;1;1;1
PPI;3171;1283;PPI;1;1;1;1;1;1;1;1;1;1;1
PPI;3171;2292;PPI;1;1;1;1;1;1;1;1;1;1;1
PPI;3171;2290;PPI;1;1;1;1;1;1;1;1;1;1;1
PPI;3171;3087;PPI;1;1;1;1;1;1;1;1;1;1;1
PPI;3171;250;PPI;1;1;1;1;1;1;1;1;1;1;1
PPI;3171;624;PPI;1;1;1;1;1;1;1;1;1;1;1
PPI;3171;1995;PPI;1;1;1;1;1;1;1;1;1;1;1
PPI;3171;3489;PPI;1;1;1;1;1;1;1;1;1;1;1
PPI;3171;3530;PPI;1;1;1;1;1;1;1;1;1;1;1
PPI;3171;41;PPI;1;1;1;1;1;1;1;1;1;1;1
PPI;3173;310;PPI;1;1;1;1;1;1;1;1;1;1;1
PPI;3174;1462;PPI;1;1;1;1;1;1;1;1;1;1;1
PPI;3174;3171;PPI;1;1;1;1;1;1;1;1;1;1;1
PPI;3174;2135;PPI;1;1;1;1;1;1;1;1;1;1;1
PPI;3188;2189;PPI;1;1;1;1;1;1;1;1;1;1;1
PPI;3188;68;PPI;1;1;1;1;1;1;1;1;1;1;1
PPI;3194;3343;PPI;1;1;1;1;1;1;1;1;1;1;1
PPI;3194;2818;PPI;1;1;1;1;1;1;1;1;1;1;1
PPI;3194;2601;PPI;1;1;1;1;1;1;1;1;1;1;1
PPI;3194;1758;PPI;1;1;1;1;1;1;1;1;1;1;1
PPI;3202;1322;PPI;1;1;1;1;1;1;1;1;1;1;1
PPI;3202;420;PPI;1;1;1;1;1;1;1;1;1;1;1
PPI;3205;2084;PPI;1;1;1;1;1;1;1;1;1;1;1
PPI;3207;300;PPI;1;1;1;1;1;1;1;1;1;1;1
PPI;3208;962;PPI;1;1;1;1;1;1;1;1;1;1;1
PPI;3214;1862;PPI;1;1;1;1;1;1;1;1;1;1;1
PPI;3214;1261;PPI;1;1;1;1;1;1;1;1;1;1;1
PPI;3216;993;PPI;1;1;1;1;1;1;1;1;1;1;1
PPI;3216;3136;PPI;1;1;1;1;1;1;1;1;1;1;1
PPI;3216;1911;PPI;1;1;1;1;1;1;1;1;1;1;1
PPI;3217;1273;PPI;1;1;1;1;1;1;1;1;1;1;1
PPI;3217;2000;PPI;1;1;1;1;1;1;1;1;1;1;1
PPI;3222;4095;PPI;1;1;1;1;1;1;1;1;1;1;1
PPI;3238;3171;PPI;1;1;1;1;1;1;1;1;1;1;1
PPI;3243;3171;PPI;1;1;1;1;1;1;1;1;1;1;1
PPI;3267;1611;PPI;1;1;1;1;1;1;1;1;1;1;1
PPI;3268;2803;PPI;1;1;1;1;1;1;1;1;1;1;1
PPI;3273;1032;PPI;1;1;1;1;1;1;1;1;1;1;1
PPI;3288;46;PPI;1;1;1;1;1;1;1;1;1;1;1
PPI;3288;3654;PPI;1;1;1;1;1;1;1;1;1;1;1
PPI;3288;796;PPI;1;1;1;1;1;1;1;1;1;1;1
PPI;3288;1175;PPI;1;1;1;1;1;1;1;1;1;1;1
PPI;3288;1977;PPI;1;1;1;1;1;1;1;1;1;1;1
PPI;3288;1259;PPI;1;1;1;1;1;1;1;1;1;1;1
PPI;3288;2165;PPI;1;1;1;1;1;1;1;1;1;1;1
PPI;3288;3697;PPI;1;1;1;1;1;1;1;1;1;1;1
PPI;3293;1404;PPI;1;1;1;1;1;1;1;1;1;1;1
PPI;3297;328;PPI;1;1;1;1;1;1;1;1;1;1;1
PPI;3297;1932;PPI;1;1;1;1;1;1;1;1;1;1;1
PPI;3297;2829;PPI;1;1;1;1;1;1;1;1;1;1;1
PPI;3297;1011;PPI;1;1;1;1;1;1;1;1;1;1;1
PPI;3297;1404;PPI;1;1;1;1;1;1;1;1;1;1;1
PPI;3309;2403;PPI;1;1;1;1;1;1;1;1;1;1;1
PPI;3309;517;PPI;1;1;1;1;1;1;1;1;1;1;1
PPI;3350;968;PPI;1;1;1;1;1;1;1;1;1;1;1
PPI;3350;2931;PPI;1;1;1;1;1;1;1;1;1;1;1
PPI;3377;3087;PPI;1;1;1;1;1;1;1;1;1;1;1
PPI;3377;3973;PPI;1;1;1;1;1;1;1;1;1;1;1
PPI;3388;2793;PPI;1;1;1;1;1;1;1;1;1;1;1
PPI;3391;1672;PPI;1;1;1;1;1;1;1;1;1;1;1
PPI;3391;851;PPI;1;1;1;1;1;1;1;1;1;1;1
PPI;3391;502;PPI;1;1;1;1;1;1;1;1;1;1;1
PPI;3391;1347;PPI;1;1;1;1;1;1;1;1;1;1;1
PPI;3402;1721;PPI;1;1;1;1;1;1;1;1;1;1;1
PPI;3402;1575;PPI;1;1;1;1;1;1;1;1;1;1;1
PPI;3402;2512;PPI;1;1;1;1;1;1;1;1;1;1;1
PPI;3404;1192;PPI;1;1;1;1;1;1;1;1;1;1;1
PPI;3412;3010;PPI;1;1;1;1;1;1;1;1;1;1;1
PPI;3413;814;PPI;1;1;1;1;1;1;1;1;1;1;1
PPI;3413;2666;PPI;1;1;1;1;1;1;1;1;1;1;1
PPI;3417;1037;PPI;1;1;1;1;1;1;1;1;1;1;1
PPI;3426;2341;PPI;1;1;1;1;1;1;1;1;1;1;1
PPI;3429;1011;PPI;1;1;1;1;1;1;1;1;1;1;1
PPI;3429;2931;PPI;1;1;1;1;1;1;1;1;1;1;1
PPI;3436;2233;PPI;1;1;1;1;1;1;1;1;1;1;1
PPI;3436;914;PPI;1;1;1;1;1;1;1;1;1;1;1
PPI;3448;2262;PPI;1;1;1;1;1;1;1;1;1;1;1
PPI;3448;2567;PPI;1;1;1;1;1;1;1;1;1;1;1
PPI;3448;1095;PPI;1;1;1;1;1;1;1;1;1;1;1
PPI;3448;3171;PPI;1;1;1;1;1;1;1;1;1;1;1
PPI;3448;665;PPI;1;1;1;1;1;1;1;1;1;1;1
PPI;3448;1324;PPI;1;1;1;1;1;1;1;1;1;1;1
PPI;3448;2136;PPI;1;1;1;1;1;1;1;1;1;1;1
PPI;3448;1978;PPI;1;1;1;1;1;1;1;1;1;1;1
PPI;3450;692;PPI;1;1;1;1;1;1;1;1;1;1;1
PPI;3455;469;PPI;1;1;1;1;1;1;1;1;1;1;1
PPI;3457;3388;PPI;1;1;1;1;1;1;1;1;1;1;1
PPI;3457;1622;PPI;1;1;1;1;1;1;1;1;1;1;1
PPI;3457;2793;PPI;1;1;1;1;1;1;1;1;1;1;1
PPI;3457;2338;PPI;1;1;1;1;1;1;1;1;1;1;1
PPI;3457;1779;PPI;1;1;1;1;1;1;1;1;1;1;1
PPI;3457;2025;PPI;1;1;1;1;1;1;1;1;1;1;1
PPI;3458;3171;PPI;1;1;1;1;1;1;1;1;1;1;1
PPI;3460;2443;PPI;1;1;1;1;1;1;1;1;1;1;1
PPI;3460;2375;PPI;1;1;1;1;1;1;1;1;1;1;1
PPI;3460;2668;PPI;1;1;1;1;1;1;1;1;1;1;1
PPI;3460;1656;PPI;1;1;1;1;1;1;1;1;1;1;1
PPI;3460;703;PPI;1;1;1;1;1;1;1;1;1;1;1
PPI;3460;1977;PPI;1;1;1;1;1;1;1;1;1;1;1
PPI;3460;692;PPI;1;1;1;1;1;1;1;1;1;1;1
PPI;3460;420;PPI;1;1;1;1;1;1;1;1;1;1;1
PPI;3460;3017;PPI;1;1;1;1;1;1;1;1;1;1;1
PPI;3460;3757;PPI;1;1;1;1;1;1;1;1;1;1;1
PPI;3460;2165;PPI;1;1;1;1;1;1;1;1;1;1;1
PPI;3464;3396;PPI;1;1;1;1;1;1;1;1;1;1;1
PPI;3464;2732;PPI;1;1;1;1;1;1;1;1;1;1;1
PPI;3466;571;PPI;1;1;1;1;1;1;1;1;1;1;1
PPI;3473;1616;PPI;1;1;1;1;1;1;1;1;1;1;1
PPI;3473;3746;PPI;1;1;1;1;1;1;1;1;1;1;1
PPI;3473;298;PPI;1;1;1;1;1;1;1;1;1;1;1
PPI;3473;1743;PPI;1;1;1;1;1;1;1;1;1;1;1
PPI;3473;156;PPI;1;1;1;1;1;1;1;1;1;1;1
PPI;3473;587;PPI;1;1;1;1;1;1;1;1;1;1;1
PPI;3481;3171;PPI;1;1;1;1;1;1;1;1;1;1;1
PPI;3489;126;PPI;1;1;1;1;1;1;1;1;1;1;1
PPI;3490;3846;PPI;1;1;1;1;1;1;1;1;1;1;1
PPI;3493;1115;PPI;1;1;1;1;1;1;1;1;1;1;1
PPI;3493;2074;PPI;1;1;1;1;1;1;1;1;1;1;1
PPI;3493;1789;PPI;1;1;1;1;1;1;1;1;1;1;1
PPI;3493;1035;PPI;1;1;1;1;1;1;1;1;1;1;1
PPI;3506;64;PPI;1;1;1;1;1;1;1;1;1;1;1
PPI;3506;3093;PPI;1;1;1;1;1;1;1;1;1;1;1
PPI;3533;420;PPI;1;1;1;1;1;1;1;1;1;1;1
PPI;3534;564;PPI;1;1;1;1;1;1;1;1;1;1;1
PPI;3534;3216;PPI;1;1;1;1;1;1;1;1;1;1;1
PPI;3534;2755;PPI;1;1;1;1;1;1;1;1;1;1;1
PPI;3534;819;PPI;1;1;1;1;1;1;1;1;1;1;1
PPI;3534;3350;PPI;1;1;1;1;1;1;1;1;1;1;1
PPI;3534;1801;PPI;1;1;1;1;1;1;1;1;1;1;1
PPI;3552;197;PPI;1;1;1;1;1;1;1;1;1;1;1
PPI;3552;3171;PPI;1;1;1;1;1;1;1;1;1;1;1
PPI;3552;290;PPI;1;1;1;1;1;1;1;1;1;1;1
PPI;3570;3536;PPI;1;1;1;1;1;1;1;1;1;1;1
PPI;3580;1462;PPI;1;1;1;1;1;1;1;1;1;1;1
PPI;3581;3654;PPI;1;1;1;1;1;1;1;1;1;1;1
PPI;3581;2484;PPI;1;1;1;1;1;1;1;1;1;1;1
PPI;3585;197;PPI;1;1;1;1;1;1;1;1;1;1;1
PPI;3592;3304;PPI;1;1;1;1;1;1;1;1;1;1;1
PPI;3592;1285;PPI;1;1;1;1;1;1;1;1;1;1;1
PPI;3595;3447;PPI;1;1;1;1;1;1;1;1;1;1;1
PPI;3595;3736;PPI;1;1;1;1;1;1;1;1;1;1;1
PPI;3598;1011;PPI;1;1;1;1;1;1;1;1;1;1;1
PPI;3598;736;PPI;1;1;1;1;1;1;1;1;1;1;1
PPI;3598;703;PPI;1;1;1;1;1;1;1;1;1;1;1
PPI;3598;2540;PPI;1;1;1;1;1;1;1;1;1;1;1
PPI;3598;2521;PPI;1;1;1;1;1;1;1;1;1;1;1
PPI;3598;1187;PPI;1;1;1;1;1;1;1;1;1;1;1
PPI;3598;1023;PPI;1;1;1;1;1;1;1;1;1;1;1
PPI;3598;832;PPI;1;1;1;1;1;1;1;1;1;1;1
PPI;3598;2074;PPI;1;1;1;1;1;1;1;1;1;1;1
PPI;3598;1961;PPI;1;1;1;1;1;1;1;1;1;1;1
PPI;3598;3017;PPI;1;1;1;1;1;1;1;1;1;1;1
PPI;3598;246;PPI;1;1;1;1;1;1;1;1;1;1;1
PPI;3598;2035;PPI;1;1;1;1;1;1;1;1;1;1;1
PPI;3598;2913;PPI;1;1;1;1;1;1;1;1;1;1;1
PPI;3610;3724;PPI;1;1;1;1;1;1;1;1;1;1;1
PPI;3610;3216;PPI;1;1;1;1;1;1;1;1;1;1;1
PPI;3610;3628;PPI;1;1;1;1;1;1;1;1;1;1;1
PPI;3616;3747;PPI;1;1;1;1;1;1;1;1;1;1;1
PPI;3619;4145;PPI;1;1;1;1;1;1;1;1;1;1;1
PPI;3620;126;PPI;1;1;1;1;1;1;1;1;1;1;1
PPI;3625;644;PPI;1;1;1;1;1;1;1;1;1;1;1
PPI;3635;2601;PPI;1;1;1;1;1;1;1;1;1;1;1
PPI;3635;1114;PPI;1;1;1;1;1;1;1;1;1;1;1
PPI;3635;1254;PPI;1;1;1;1;1;1;1;1;1;1;1
PPI;3635;2389;PPI;1;1;1;1;1;1;1;1;1;1;1
PPI;3649;2398;PPI;1;1;1;1;1;1;1;1;1;1;1
PPI;3652;568;PPI;1;1;1;1;1;1;1;1;1;1;1
PPI;3654;64;PPI;1;1;1;1;1;1;1;1;1;1;1
PPI;3654;2804;PPI;1;1;1;1;1;1;1;1;1;1;1
PPI;3654;2799;PPI;1;1;1;1;1;1;1;1;1;1;1
PPI;3654;16;PPI;1;1;1;1;1;1;1;1;1;1;1
PPI;3654;2812;PPI;1;1;1;1;1;1;1;1;1;1;1
PPI;3654;3570;PPI;1;1;1;1;1;1;1;1;1;1;1
PPI;3654;2283;PPI;1;1;1;1;1;1;1;1;1;1;1
PPI;3654;1035;PPI;1;1;1;1;1;1;1;1;1;1;1
PPI;3655;2497;PPI;1;1;1;1;1;1;1;1;1;1;1
PPI;3663;328;PPI;1;1;1;1;1;1;1;1;1;1;1
PPI;3663;2799;PPI;1;1;1;1;1;1;1;1;1;1;1
PPI;3663;358;PPI;1;1;1;1;1;1;1;1;1;1;1
PPI;3663;1225;PPI;1;1;1;1;1;1;1;1;1;1;1
PPI;3663;2536;PPI;1;1;1;1;1;1;1;1;1;1;1
PPI;3664;350;PPI;1;1;1;1;1;1;1;1;1;1;1
PPI;3677;913;PPI;1;1;1;1;1;1;1;1;1;1;1
PPI;3677;1130;PPI;1;1;1;1;1;1;1;1;1;1;1
PPI;3689;1267;PPI;1;1;1;1;1;1;1;1;1;1;1
PPI;3691;587;PPI;1;1;1;1;1;1;1;1;1;1;1
PPI;3697;3730;PPI;1;1;1;1;1;1;1;1;1;1;1
PPI;3697;1760;PPI;1;1;1;1;1;1;1;1;1;1;1
PPI;3697;678;PPI;1;1;1;1;1;1;1;1;1;1;1
PPI;3697;1259;PPI;1;1;1;1;1;1;1;1;1;1;1
PPI;3697;941;PPI;1;1;1;1;1;1;1;1;1;1;1
PPI;3710;3724;PPI;1;1;1;1;1;1;1;1;1;1;1
PPI;3710;3159;PPI;1;1;1;1;1;1;1;1;1;1;1
PPI;3710;1869;PPI;1;1;1;1;1;1;1;1;1;1;1
PPI;3730;2383;PPI;1;1;1;1;1;1;1;1;1;1;1
PPI;3730;764;PPI;1;1;1;1;1;1;1;1;1;1;1
PPI;3730;3879;PPI;1;1;1;1;1;1;1;1;1;1;1
PPI;3730;27;PPI;1;1;1;1;1;1;1;1;1;1;1
PPI;3730;2512;PPI;1;1;1;1;1;1;1;1;1;1;1
PPI;3736;800;PPI;1;1;1;1;1;1;1;1;1;1;1
PPI;3747;1111;PPI;1;1;1;1;1;1;1;1;1;1;1
PPI;3754;907;PPI;1;1;1;1;1;1;1;1;1;1;1
PPI;3754;1695;PPI;1;1;1;1;1;1;1;1;1;1;1
PPI;3757;3473;PPI;1;1;1;1;1;1;1;1;1;1;1
PPI;3757;2349;PPI;1;1;1;1;1;1;1;1;1;1;1
PPI;3757;1656;PPI;1;1;1;1;1;1;1;1;1;1;1
PPI;3757;3288;PPI;1;1;1;1;1;1;1;1;1;1;1
PPI;3757;796;PPI;1;1;1;1;1;1;1;1;1;1;1
PPI;3757;692;PPI;1;1;1;1;1;1;1;1;1;1;1
PPI;3757;357;PPI;1;1;1;1;1;1;1;1;1;1;1
PPI;3757;1694;PPI;1;1;1;1;1;1;1;1;1;1;1
PPI;3763;379;PPI;1;1;1;1;1;1;1;1;1;1;1
PPI;3763;3620;PPI;1;1;1;1;1;1;1;1;1;1;1
PPI;3777;1142;PPI;1;1;1;1;1;1;1;1;1;1;1
PPI;3779;2250;PPI;1;1;1;1;1;1;1;1;1;1;1
PPI;3788;718;PPI;1;1;1;1;1;1;1;1;1;1;1
PPI;3795;2083;PPI;1;1;1;1;1;1;1;1;1;1;1
PPI;3795;3143;PPI;1;1;1;1;1;1;1;1;1;1;1
PPI;3795;3007;PPI;1;1;1;1;1;1;1;1;1;1;1
PPI;3800;1033;PPI;1;1;1;1;1;1;1;1;1;1;1
PPI;3800;1728;PPI;1;1;1;1;1;1;1;1;1;1;1
PPI;3800;1347;PPI;1;1;1;1;1;1;1;1;1;1;1
PPI;3832;246;PPI;1;1;1;1;1;1;1;1;1;1;1
PPI;3845;853;PPI;1;1;1;1;1;1;1;1;1;1;1
PPI;3846;2936;PPI;1;1;1;1;1;1;1;1;1;1;1
PPI;3846;3374;PPI;1;1;1;1;1;1;1;1;1;1;1
PPI;3848;2799;PPI;1;1;1;1;1;1;1;1;1;1;1
PPI;3848;220;PPI;1;1;1;1;1;1;1;1;1;1;1
PPI;3848;1801;PPI;1;1;1;1;1;1;1;1;1;1;1
PPI;3848;2456;PPI;1;1;1;1;1;1;1;1;1;1;1
PPI;3858;2931;PPI;1;1;1;1;1;1;1;1;1;1;1
PPI;3858;2470;PPI;1;1;1;1;1;1;1;1;1;1;1
PPI;3858;3429;PPI;1;1;1;1;1;1;1;1;1;1;1
PPI;3859;1259;PPI;1;1;1;1;1;1;1;1;1;1;1
PPI;3859;1740;PPI;1;1;1;1;1;1;1;1;1;1;1
PPI;3859;1866;PPI;1;1;1;1;1;1;1;1;1;1;1
PPI;3860;2666;PPI;1;1;1;1;1;1;1;1;1;1;1
PPI;3866;1788;PPI;1;1;1;1;1;1;1;1;1;1;1
PPI;3866;3654;PPI;1;1;1;1;1;1;1;1;1;1;1
PPI;3866;1273;PPI;1;1;1;1;1;1;1;1;1;1;1
PPI;3866;2652;PPI;1;1;1;1;1;1;1;1;1;1;1
PPI;3869;3171;PPI;1;1;1;1;1;1;1;1;1;1;1
PPI;3872;3822;PPI;1;1;1;1;1;1;1;1;1;1;1
PPI;3872;65;PPI;1;1;1;1;1;1;1;1;1;1;1
PPI;3872;1321;PPI;1;1;1;1;1;1;1;1;1;1;1
PPI;3888;3041;PPI;1;1;1;1;1;1;1;1;1;1;1
PPI;3888;952;PPI;1;1;1;1;1;1;1;1;1;1;1
PPI;3888;122;PPI;1;1;1;1;1;1;1;1;1;1;1
PPI;3888;1171;PPI;1;1;1;1;1;1;1;1;1;1;1
PPI;3888;398;PPI;1;1;1;1;1;1;1;1;1;1;1
PPI;3888;2356;PPI;1;1;1;1;1;1;1;1;1;1;1
PPI;3888;1460;PPI;1;1;1;1;1;1;1;1;1;1;1
PPI;3904;2832;PPI;1;1;1;1;1;1;1;1;1;1;1
PPI;3906;3220;PPI;1;1;1;1;1;1;1;1;1;1;1
PPI;3937;3222;PPI;1;1;1;1;1;1;1;1;1;1;1
PPI;3986;2567;PPI;1;1;1;1;1;1;1;1;1;1;1
PPI;3986;2465;PPI;1;1;1;1;1;1;1;1;1;1;1
PPI;3986;2652;PPI;1;1;1;1;1;1;1;1;1;1;1
PPI;3987;3293;PPI;1;1;1;1;1;1;1;1;1;1;1
PPI;3987;881;PPI;1;1;1;1;1;1;1;1;1;1;1
PPI;3987;2818;PPI;1;1;1;1;1;1;1;1;1;1;1
PPI;3987;2601;PPI;1;1;1;1;1;1;1;1;1;1;1
PPI;3987;1348;PPI;1;1;1;1;1;1;1;1;1;1;1
PPI;3987;3677;PPI;1;1;1;1;1;1;1;1;1;1;1
PPI;3987;3736;PPI;1;1;1;1;1;1;1;1;1;1;1
PPI;3987;2936;PPI;1;1;1;1;1;1;1;1;1;1;1
PPI;3987;2760;PPI;1;1;1;1;1;1;1;1;1;1;1
PPI;3987;1053;PPI;1;1;1;1;1;1;1;1;1;1;1
PPI;3987;228;PPI;1;1;1;1;1;1;1;1;1;1;1
PPI;3987;859;PPI;1;1;1;1;1;1;1;1;1;1;1
PPI;3987;546;PPI;1;1;1;1;1;1;1;1;1;1;1
PPI;3987;111;PPI;1;1;1;1;1;1;1;1;1;1;1
PPI;3987;952;PPI;1;1;1;1;1;1;1;1;1;1;1
PPI;3987;1362;PPI;1;1;1;1;1;1;1;1;1;1;1
PPI;3987;3;PPI;1;1;1;1;1;1;1;1;1;1;1
PPI;3987;1508;PPI;1;1;1;1;1;1;1;1;1;1;1
PPI;3987;832;PPI;1;1;1;1;1;1;1;1;1;1;1
PPI;3987;3754;PPI;1;1;1;1;1;1;1;1;1;1;1
PPI;3987;398;PPI;1;1;1;1;1;1;1;1;1;1;1
PPI;3987;161;PPI;1;1;1;1;1;1;1;1;1;1;1
PPI;3992;1947;PPI;1;1;1;1;1;1;1;1;1;1;1
PPI;3992;2476;PPI;1;1;1;1;1;1;1;1;1;1;1
PPI;4015;1977;PPI;1;1;1;1;1;1;1;1;1;1;1
PPI;4070;452;PPI;1;1;1;1;1;1;1;1;1;1;1
PPI;4086;2791;PPI;1;1;1;1;1;1;1;1;1;1;1
PPI;4097;1263;PPI;1;1;1;1;1;1;1;1;1;1;1
PPI;4103;883;PPI;1;1;1;1;1;1;1;1;1;1;1
PPI;4112;1950;PPI;1;1;1;1;1;1;1;1;1;1;1
PPI;4112;3881;PPI;1;1;1;1;1;1;1;1;1;1;1
PPI;4112;2993;PPI;1;1;1;1;1;1;1;1;1;1;1
PPI;4137;1011;PPI;1;1;1;1;1;1;1;1;1;1;1
PPI;4137;2598;PPI;1;1;1;1;1;1;1;1;1;1;1
PPI;4137;2817;PPI;1;1;1;1;1;1;1;1;1;1;1
PPI;4137;1437;PPI;1;1;1;1;1;1;1;1;1;1;1
PPI;4142;1011;PPI;1;1;1;1;1;1;1;1;1;1;1
PPI;4142;2175;PPI;1;1;1;1;1;1;1;1;1;1;1
PPI;4142;67;PPI;1;1;1;1;1;1;1;1;1;1;1
PPI;4145;306;PPI;1;1;1;1;1;1;1;1;1;1;1
PPI;4145;3350;PPI;1;1;1;1;1;1;1;1;1;1;1
PPI;4145;4006;PPI;1;1;1;1;1;1;1;1;1;1;1
PPI;4170;771;PPI;1;1;1;1;1;1;1;1;1;1;1
PPI;4197;504;PPI;1;1;1;1;1;1;1;1;1;1;1
PPI;4197;1273;PPI;1;1;1;1;1;1;1;1;1;1;1
PPI;4241;1011;PPI;1;1;1;1;1;1;1;1;1;1;1
PPI;4241;3171;PPI;1;1;1;1;1;1;1;1;1;1;1
PPI;4291;1004;PPI;1;1;1;1;1;1;1;1;1;1;1
PPI;4292;522;PPI;1;1;1;1;1;1;1;1;1;1;1
PPI;4413;2312;PPI;1;1;1;1;1;1;1;1;1;1;1
PPI;4413;675;PPI;1;1;1;1;1;1;1;1;1;1;1
PPI;2975;3065;PPI;1;1;1;1;1;1;1;1;1;1;1
PPI;785;3065;PPI;1;1;1;1;1;1;1;1;1;1;1
PPI;1413;3065;PPI;1;1;1;1;1;1;1;1;1;1;1
PPI;2838;2404;PPI;1;1;1;1;1;1;1;1;1;1;1
PPI;2679;3034;PPI;1;1;1;1;1;1;1;1;1;1;1
PPI;2499;1420;PPI;1;1;1;1;1;1;1;1;1;1;1
PPI;504;2108;PPI;1;1;1;1;1;1;1;1;1;1;1
PPI;2108;2569;PPI;1;1;1;1;1;1;1;1;1;1;1
PPI;2108;73;PPI;1;1;1;1;1;1;1;1;1;1;1
PPI;2569;73;PPI;1;1;1;1;1;1;1;1;1;1;1
PPI;2569;1420;PPI;1;1;1;1;1;1;1;1;1;1;1
PPI;2569;3034;PPI;1;1;1;1;1;1;1;1;1;1;1
PPI;2975;1290;PPI;1;1;1;1;1;1;1;1;1;1;1
PPI;2975;1304;PPI;1;1;1;1;1;1;1;1;1;1;1
PPI;2108;4002;PPI;1;1;1;1;1;1;1;1;1;1;1
PPI;552;552;PPI;1;1;1;1;1;1;1;1;1;1;1
PPI;955;955;PPI;1;1;1;1;1;1;1;1;1;1;1
PPI;2525;1271;PPI;1;1;1;1;1;1;1;1;1;1;1
PPI;1912;1271;PPI;1;1;1;1;1;1;1;1;1;1;1
PPI;703;2018;PPI;1;1;1;1;1;1;1;1;1;1;1
PPI;2018;1220;PPI;1;1;1;1;1;1;1;1;1;1;1
PPI;3533;2018;PPI;1;1;1;1;1;1;1;1;1;1;1
PPI;2018;3031;PPI;1;1;1;1;1;1;1;1;1;1;1
PPI;1270;1270;PPI;1;1;1;1;1;1;1;1;1;1;1
PPI;1152;4015;PPI;1;1;1;1;1;1;1;1;1;1;1
PPI;3533;1656;PPI;1;1;1;1;1;1;1;1;1;1;1
PPI;1976;796;PPI;1;1;1;1;1;1;1;1;1;1;1
PPI;1668;1176;PPI;1;1;1;1;1;1;1;1;1;1;1
PPI;1571;1344;PPI;1;1;1;1;1;1;1;1;1;1;1
PPI;3859;3140;PPI;1;1;1;1;1;1;1;1;1;1;1
PPI;3697;796;PPI;1;1;1;1;1;1;1;1;1;1;1
PPI;2569;2569;PPI;1;1;1;1;1;1;1;1;1;1;1
PPI;73;2569;PPI;1;1;1;1;1;1;1;1;1;1;1
PPI;2274;2569;PPI;1;1;1;1;1;1;1;1;1;1;1
PPI;1420;2569;PPI;1;1;1;1;1;1;1;1;1;1;1
PPI;3034;2569;PPI;1;1;1;1;1;1;1;1;1;1;1
PPI;879;2108;PPI;1;1;1;1;1;1;1;1;1;1;1
