17,Q57GW4,yjcB,SC4142,7,7
24,Q57ID6,lacI,SC3620,8,1
31,Q57HW7,asnC,SC3789,11,6
41,Q57SV1,tinR,SC0304,1,3
42,Q57K41,SC3015,SC3015,11,1
68,Q57T74,panC,SC0181,11,9
72,Q57MM8,alkA,SC2127,10,2
77,Q57HY2,glmS,SC3774,11,4
86,Q57RS3,ybeL,SC0682,11,1
97,Q57KX7,ygaV,SC2729,11,3
99,Q57LG4,asrA,SC2542,10,2
103,Q57QL2,csgC,SC1093,11,2
120,Q57IS4,ugpQ,SC3482,11,13
138,Q57K54,ygfA,SC3002,11,4
153,Q57N17,dsrB,SC1988,11,1
154,Q57IX2,ompR,SC3434,11,38
165,Q57H69,rpoB,SC4037,11,9
173,Q57JS8,yqiB,SC3128,11,1
187,Q57RQ9,ybeY,SC0696,11,1
195,Q57HN8,ubiE,SC3868,11,6
201,Q57N46,fliZ,SC1959,7,4
212,Q57HG0,sodA,SC3946,11,9
237,Q57L32,rplS,SC2674,11,3
238,Q57L50,yfiQ,SC2656,11,2
260,Q57PJ4,ydhJ,SC1461,11,1
266,Q57HF5,cpxP,SC3951,11,1
270,Q57JY2,yhcX,SC3074,1,1
279,Q57HX2,atpI,SC3784,11,8
281,Q57MW3,cbiB,SC2042,11,4
290,Q57L87,req,SC2619,11,3
300,Q57G42,yjjI,SC4414,10,1
327,Q57JB2,SC3294,SC3294,10,2
331,Q57PM5,ssaJ,SC1430,11,2
337,Q57RM8,kdpF,SC0727,2,1
359,Q57JI9,yhbW,SC3217,10,1
364,Q57SY1,SC0274,SC0274,2,1
368,Q57J57,rplQ,SC3349,11,3
391,Q57MV6,pduD,SC2049,11,9
405,Q57S88,acrB,SC0517,11,8
412,Q57NU6,yciX,SC1709,5,1
430,Q57QL5,csgD,SC1090,11,29
432,Q57QU0,pqiA,SC1015,1,3
435,Q57RX9,entC,SC0626,11,6
438,Q57KY7,tctB,SC2719,11,4
440,Q57HP2,metE,SC3864,11,8
455,Q57I02,recF,SC3754,11,3
477,Q57QP8,hpaX,SC1057,29,3
486,Q57IL3,yhjE,SC3543,11,2
496,Q57R74,artQ,SC0881,11,6
501,Q57I85,yicE,SC3671,11,5
505,Q57HC3,cytR,SC3983,11,13
514,Q57J52,secY,SC3354,11,7
523,Q57K60,gcvT,SC2996,11,12
542,Q57IQ8,ftsX,SC3498,11,2
551,Q57IR0,livJ,SC3496,20,5
566,Q57P71,yncE,SC1584,10,2
576,Q57QA4,SC1201,SC1201,1,1
591,Q57T87,cueO,SC0168,11,5
592,Q57H62,thiE,SC4044,11,10
605,Q57SE8,ribD,SC0457,11,4
609,Q57GK0,yjfR,SC4256,11,14
616,Q57RZ7,apeE,SC0608,1,1
625,Q57QT5,lonH,SC1020,11,2
651,Q57MY8,amn,SC2017,11,3
681,Q57KP9,hilD,SC2807,11,5
716,Q57QM0,ycdY,SC1085,10,3
726,Q57K46,fba,SC3010,11,3
728,Q57Q92,SC1213,SC1213,1,1
744,Q57JK4,gadD,SC3202,11,15
775,Q57LT1,ligA,SC2425,11,9
794,Q57RH2,ybhE,SC0783,11,5
799,Q57PF1,ynfM,SC1504,10,1
817,Q57QQ2,hpaD,SC1053,11,3
833,Q57SD1,thiJ,SC0474,11,51
845,Q57S94,rpmE2,SC0511,11,3
846,Q57LJ5,ratB,SC2511,2,1
857,Q57JA4,yhcP,SC3302,11,1
865,Q57KS2,hycC,SC2784,11,11
893,Q57KR1,sitB,SC2795,1,1
896,Q57L34,aroF,SC2672,11,7
907,Q57HF6,cpxR,SC3950,11,54
908,Q57QP6,ars,SC1059,22,1
949,Q57KE0,fucI,SC2916,10,1
955,Q57R63,hcp,SC0892,11,6
964,Q57R97,deoR,SC0858,11,6
965,Q57P21,ybcY,SC1634,10,7
995,Q57HG9,rhaB,SC3937,11,4
1002,Q57I43,rbsK,SC3713,11,6
1031,Q57QW9,lycV,SC0986,2,1
1033,Q57KB0,ygdR,SC2946,11,1
1060,Q57R86,ybjN,SC0869,11,3
1061,Q57N15,yedP,SC1990,10,2
1093,Q57TC3,yacA,SC0132,8,1
1100,Q57LN0,acrD,SC2476,10,2
1113,Q57LZ1,cvpA,SC2365,11,1
1120,Q57LY9,folC,SC2367,11,3
1122,Q57HL0,hemN,SC3896,11,7
1125,Q57Q93,VG55,SC1212,3,1
1154,Q57GR3,insF,SC4193,1,1
1162,Q57RL8,sdhC,SC0737,11,11
1173,Q57T68,sfsA,SC0187,12,2
1181,Q57HM6,fadB,SC3880,10,12
1198,Q57RP1,fldA,SC0714,11,14
1199,Q57JC9,nanA,SC3277,11,6
1203,Q57MY6,SC2019,SC2019,5,2
1230,Q57NM3,mbhS,SC1782,19,20
1231,Q57J41,rpsQ,SC3365,11,2
1232,Q57NX4,pspC,SC1681,11,3
1242,Q57NH9,manZ,SC1826,11,13
1246,Q57SD3,phnW,SC0472,11,5
1256,Q57NS4,yciB,SC1731,11,1
1267,Q57RH7,ybhT,SC0778,11,1
1268,Q57RS9,holA,SC0676,11,11
1269,Q57LJ8,guaA,SC2508,11,4
1283,Q57JS4,ygiC,SC3132,2,3
1284,Q57QG3,fabD,SC1142,11,11
1294,Q57QN3,ycdC,SC1072,10,8
1308,Q57I53,ptkC,SC3703,19,7
1312,Q5J3X0,gp43,SC115,2,1
1326,Q57MT5,sbmC,SC2070,11,4
1344,Q57IT8,glgB,SC3468,10,5
1355,Q57RG4,bioA,SC0791,11,4
1358,Q57QQ7,hpaC,SC1048,11,4
1365,Q57Q31,yodA,SC1274,11,13
1368,Q57TB6,coaE,SC0139,12,1
1376,Q57PU7,ihfA,SC1358,11,5
1389,Q57KM6,invG,SC2830,8,2
1405,Q57S72,gsk,SC0533,11,4
1410,Q57SB0,ybaV,SC0495,1,1
1444,Q57HI1,fdoI,SC3925,11,4
1450,Q57JD9,yhcC,SC3267,11,1
1455,Q57I20,ccmF,SC3736,24,4
1456,Q57J39,rplP,SC3367,11,2
1457,Q57HW1,rbsA,SC3795,1,2
1460,Q57LU4,nupC,SC2412,10,9
1462,Q57LX1,mepA,SC2385,11,2
1463,Q57R99,yliJ,SC0856,11,1
1464,Q57PU9,pheS,SC1356,11,11
1490,Q57GS6,dcuB,SC4180,10,8
1499,Q57JH2,hflB,SC3234,11,3
1502,Q57H92,oxyR,SC4014,11,29
1524,Q57QJ6,bssS,SC1109,11,1
1530,Q57IQ4,yhhL,SC3502,11,1
1531,Q57R59,ybjY,SC0896,10,2
1533,Q57IS2,ugpE,SC3484,11,5
1576,Q57SG0,yajB,SC0445,11,6
1579,Q57QG1,acpP,SC1144,11,30
1599,Q57GM1,mutL,SC4235,11,6
1605,Q57LL2,uraA,SC2494,11,1
1607,Q57NM1,hyaD,SC1784,11,12
1620,Q57PX6,spy,SC1329,11,4
1646,Q57IW8,feoB,SC3438,11,7
1647,Q57SE0,xseB,SC0465,11,1
1654,Q57J26,fusA,SC3380,11,3
1668,Q57TH6,SC0079,SC0079,26,4
1685,Q57JK9,gatY,SC3197,11,5
1696,Q57MH7,yehW,SC2178,11,2
1700,Q57GQ2,aspA,SC4204,11,1
1709,Q57N94,yecE,SC1911,11,3
1715,Q57GV0,nrfA,SC4156,11,8
1724,Q57JA3,yhcQ,SC3303,11,1
1739,Q57IB8,rfaZ,SC3638,9,2
1740,Q57TK1,citE2,SC0054,11,6
1747,Q57JN9,ygjO,SC3167,11,1
1809,Q57RV6,citX,SC0649,10,10
1828,Q57PY5,topB,SC1320,11,2
1830,Q57PL6,ssaQ,SC1439,11,1
1836,Q57K56,ygfB,SC3000,11,5
1843,Q57PR0,ynhG,SC1395,9,4
1853,Q57QQ3,hpaE,SC1052,10,2
1885,Q57RA9,yliD,SC0846,11,2
1892,Q57PK1,gloA,SC1454,11,6
1905,Q57JY7,feaB,SC3069,11,1
1920,Q57IS6,ggt,SC3480,11,5
1928,Q57HQ5,corA,SC3851,12,2
1939,Q57QG5,plsX,SC1140,11,4
1953,Q57TI7,caiT,SC0068,11,9
1975,Q57II0,SC3576,SC3576,11,1
1978,Q57P46,sgcB,SC1609,11,1
1990,Q57LN4,ypfG,SC2472,7,1
2006,Q57RD9,ybiH,SC0816,11,2
2012,Q57SB3,lon,SC0492,11,3
2036,Q57H43,aceA,SC4063,11,9
2045,Q57R21,cmk,SC0934,11,7
2051,Q57Q02,gapA,SC1303,11,6
2072,Q57PS7,aroE,SC1378,9,5
2081,Q57GS9,melA,SC4177,11,11
2086,Q57J43,rplX,SC3363,11,2
2096,Q57PR5,sufB,SC1390,11,8
2114,Q57JB3,ttdA,SC3293,11,2
2123,Q57GC3,pepA,SC4333,11,4
2126,Q57KF6,gudD,SC2900,10,3
2129,Q57N84,flhB,SC1921,21,5
2142,Q57J55,rpsD,SC3351,11,8
2146,Q57JB4,ttdB,SC3292,11,1
2158,Q57PT1,ydiP,SC1374,6,1
2163,Q57LS3,pdxK,SC2433,11,7
2169,Q57HZ9,rpmH,SC3757,11,2
2190,Q57HS8,rffH,SC3828,13,3
2201,Q57HX3,atpB,SC3783,11,9
2218,Q57RP2,fur,SC0713,16,117
2242,Q57KZ3,mig,SC2713,8,1
2245,Q57P54,ydcP,SC1601,11,1
2259,Q57HV2,yifA,SC3804,11,4
2273,Q57SM6,SC0379,SC0379,5,1
2296,Q57LR5,cysW,SC2441,11,8
2303,Q57M30,nuoC,SC2326,11,19
2304,Q57RW0,ybdQ,SC0645,11,4
2313,Q57G60,dnaT,SC4396,11,2
2314,Q57KL5,mutS,SC2841,11,1
2329,Q57SA0,glnK,SC0505,11,6
2349,Q57M56,pmrF,SC2300,12,5
2359,Q57I72,mgtB,SC3684,21,8
2364,Q57RJ5,fumB,SC0760,8,4
2366,Q57T34,uppS,SC0221,11,4
2373,Q57IA6,rpmG,SC3650,11,2
2377,Q57PY2,nudG,SC1323,11,5
2381,Q57JK7,ptkA,SC3199,18,8
2404,Q57RH6,modA,SC0779,11,6
2420,Q57R36,dmsB,SC0919,20,21
2428,Q57IC0,WaaL,SC3636,11,4
2431,Q57LF4,cadC,SC2552,9,1
2439,Q57KT5,gutQ,SC2771,1,1
2446,Q57PR6,sufA,SC1389,11,7
2452,Q57SG6,phoR,SC0439,11,3
2454,Q57SR6,cro,SC0339,1,1
2468,Q57TE7,leuB,SC0108,11,9
2477,Q57N30,fliG,SC1975,11,15
2483,Q57MX0,cbiH,SC2035,11,2
2484,Q57LT0,zipA,SC2426,11,3
2485,Q57M71,glpQ,SC2285,11,17
2505,Q57R57,cspD,SC0898,11,4
2529,Q57L51,yfiP,SC2655,11,1
2549,Q57R10,kdsB,SC0945,11,5
2572,Q57RG0,bioD,SC0795,11,4
2579,Q57RS2,ybeQ,SC0683,18,3
2586,Q57LI8,yfgM,SC2518,11,3
2598,Q57MD9,lysP,SC2216,9,1
2640,Q57ME0,cirA,SC2215,11,7
2647,Q57N04,umuD,SC2001,7,8
2657,Q57IT3,gntR,SC3473,11,10
2681,Q57TG4,hepA,SC0091,11,4
2691,Q57KE1,fucP,SC2915,21,2
2695,Q57HH9,fdhD,SC3927,6,1
2700,Q57PN9,ssaD,SC1416,11,1
2725,Q57RI9,oadB,SC0048,24,8
2753,Q57KY6,tctA,SC2720,11,4
2775,Q57KC5,recD,SC2931,11,2
2780,Q57HY5,pstS,SC3771,11,3
2787,Q57LH9,dmsA,SC2527,9,12
2805,Q57K33,yjjN,SC3023,8,1
2818,Q57LL4,yfgD,SC2492,11,4
2832,Q57LZ8,ubiX,SC2358,11,5
2867,Q57JR5,ribB,SC3141,11,2
2881,Q57QE2,ycfQ,SC1163,11,1
2888,Q57Q95,SC1210,SC1210,1,1
2900,Q57R37,dmsA,SC0918,11,22
2919,Q57RR8,SC0687,SC0687,9,2
2923,Q57I32,dsdA,SC3724,11,2
2927,Q57NP7,narG,SC1758,11,15
2943,Q57MQ3,wcaK,SC2102,9,6
2978,Q57RA6,etfA,SC0849,7,2
2986,Q57TQ2,thrB,SC0003,11,4
2997,Q57T42,dapD,SC0213,11,4
3000,Q57HL7,yihE,SC3889,11,2
3001,Q57NA8,msbB,SC1897,11,4
3008,Q57T47,dgt,SC0208,11,4
3016,Q57NY3,mppA,SC1672,11,2
3023,Q57GM9,psd,SC4227,11,7
3062,Q57IB6,rfaJ,SC3640,11,2
3073,Q57MF9,pcaK,SC2196,11,1
3091,Q57RH0,hutI,SC0785,11,1
3094,Q57RY5,fepE,SC0620,10,6
3099,Q57MJ5,yegW,SC2160,9,1
3101,Q57NH7,yebN,SC1828,11,2
3116,Q57N27,fliJ,SC1978,12,5
3142,Q57GR9,SC4187,SC4187,10,2
3149,Q57MP5,gmd,SC2110,11,2
3154,Q57KM7,invE,SC2829,8,2
3159,Q57TM0,nhaR,SC0035,11,3
3187,Q57LI0,dmsB,SC2526,11,12
3198,Q57MQ0,cpsG,SC2105,11,1
3212,Q57II5,lpfA,SC3571,14,9
3221,Q57I25,ibpB,SC3731,11,2
3252,Q57IT5,gntU,SC3471,11,7
3253,Q57J32,rplC,SC3374,11,4
3258,Q57JJ9,yraO,SC3207,11,1
3267,Q57MC7,yeiR,SC2228,11,6
3274,Q57KT1,hypF,SC2775,11,8
3305,Q57I15,torC,SC3741,10,3
3310,Q57GE1,pyrB,SC4315,11,5
3318,Q57JL0,garL,SC3196,11,7
3330,Q57I61,bglA,SC3695,11,2
3339,Q57T28,fabZ,SC0227,11,4
3342,Q57IS5,yhhA,SC3481,10,2
3345,Q57QI0,flgF,SC1125,11,5
3350,Q57QS6,yccT,SC1029,12,4
3371,Q57RM5,ybgI,SC0730,11,1
3394,Q57KP8,hilA,SC2808,11,101
3404,Q57R60,ybjX,SC0895,11,2
3406,Q57PE9,mlc,SC1506,12,14
3414,Q57S51,ybbB,SC0554,11,2
3442,Q57LE3,yfhC,SC2563,11,1
3443,Q57RY0,fepB,SC0625,11,7
3446,Q57PR1,ynhA,SC1394,11,7
3449,Q57P25,gltL,SC1630,1,1
3452,Q57HP0,udp,SC3866,11,10
3453,Q57M68,glpB,SC2288,11,9
3467,Q57LR3,cysP,SC2443,11,8
3498,Q57JN3,yqjA,SC3173,12,1
3502,Q57R43,trxB,SC0912,11,13
3504,Q57L38,yfiA,SC2668,11,3
3520,Q57T73,panB,SC0182,11,7
3528,Q57SB4,clpX,SC0491,11,4
3529,Q57PW6,katE,SC1339,11,6
3536,Q57PL9,ssaN,SC1436,11,7
3537,Q57QN1,putA,SC1074,10,4
3549,Q57IK8,dctA,SC3548,11,3
3558,Q57R15,SC0940,SC0940,1,1
3564,Q57GX9,tyrB,SC4127,11,10
3574,Q57LC2,SC2584,SC2584,2,1
3583,Q57T38,tsf,SC0217,11,2
3591,Q57G31,nadR,SC4425,11,4
3599,Q57MD8,yeiE,SC2217,8,2
3600,Q57HC4,ftsN,SC3982,11,11
3613,Q57RC6,ompX,SC0829,11,1
3628,Q57JD1,nanE,SC3275,20,8
3629,Q57QR5,pipB,SC1040,11,1
3643,Q57M60,cinA,SC2296,11,1
3708,Q57ID8,lldD,SC3618,11,4
3715,Q57NS5,yciC,SC1730,11,1
3717,Q57IG5,glyQ,SC3591,11,7
3721,Q57GH3,msrA,SC4283,11,5
3725,Q57J40,rpmC,SC3366,11,4
3730,Q57M94,napH,SC2262,10,5
3734,Q57RF3,moaC,SC0802,11,4
3739,Q57MX1,cbiJ,SC2034,10,2
3740,Q57RM7,phrB,SC0728,1,1
3746,Q57T76,yadE,SC0179,11,1
3765,Q57HR6,cyaA,SC3840,11,8
3774,Q57JQ4,uppP,SC3152,11,5
3785,Q57Q49,pagC,SC1256,11,3
3786,Q57HQ8,xerC,SC3848,11,3
3789,Q57LD4,acpS,SC2572,11,2
3795,Q57IT7,asd,SC3469,11,5
3798,Q57KL0,ygbL,SC2846,11,4
3803,Q57RP5,citA,SC0710,11,1
3804,Q57KU3,ygaD,SC2763,11,3
3807,Q57TE2,ilvI,SC0113,11,6
3820,Q57QV3,stf,SC1002,7,1
3826,Q57QJ4,pyrC,SC1111,11,7
3832,Q5J3T9,SC150,SC150,1,1
3838,Q57MX4,cbiM,SC2031,10,2
3853,Q57MN4,yegH,SC2121,7,1
3858,Q57J66,smg,SC3340,11,1
3870,Q57T98,acnB,SC0157,11,10
3881,Q57KM5,invF,SC2831,11,46
3903,Q57SB1,cypD,SC0494,2,1
3905,Q57TJ3,caiF,SC0062,7,7
3914,Q57J67,yrdD,SC3339,11,4
3915,Q57H39,metH,SC4067,12,7
3928,Q57M39,nuoM,SC2317,11,16
3936,Q57R45,cydC,SC0910,1,1
3944,Q57JX0,hybE,SC3086,11,2
3948,Q57JW3,yghW,SC3093,6,1
3997,Q57PL2,ssaU,SC1443,21,5
4016,Q57S07,SC0598,SC0598,1,1
4017,Q57NX9,tyrR,SC1676,11,12
4033,Q57TF3,tbpA,SC0102,11,3
4035,Q57KP1,sipD,SC2815,8,1
4045,Q57R46,aat,SC0909,11,3
4049,Q57SH1,yajF,SC0434,11,2
4053,Q57QF7,pabC,SC1148,11,5
4055,Q57MX8,cbiP,SC2027,11,4
4073,Q57LH0,nifU,SC2536,11,2
4086,Q57Q99,SC1206,SC1206,1,2
4102,Q57HW8,mioC,SC3788,11,1
4104,Q57T17,yaeP,SC0238,10,1
4107,Q57R40,lolA,SC0915,11,2
4110,Q57IT0,yhhY,SC3476,10,1
4117,Q57I21,ccmG,SC3735,24,3
4120,Q57R96,ybjG,SC0859,11,3
4122,Q57SZ8,gloB,SC0257,11,4
4127,Q57HC5,hslV,SC3981,11,1
4130,Q57LH6,sseB,SC2530,11,2
4141,Q57S77,htpG,SC0528,11,4
4172,Q57T33,cdsA,SC0222,11,7
4187,Q57J59,zntR,SC3347,11,2
4188,Q57T80,stiC,SC0175,7,2
4194,Q57LP2,eutQ,SC2464,11,2
4196,Q57JS0,astJ,SC3136,10,1
4226,Q57KA0,kduD,SC2956,13,2
4228,Q57R78,SC0877,SC0877,17,5
4243,Q57T29,lpxD,SC0226,11,5
4253,Q57JM6,yhaH,SC3180,2,1
4255,Q57GY2,qor,SC4124,11,1
4265,Q57QZ9,ompF,SC0956,11,64
4298,Q57RB5,moeB,SC0840,11,4
4307,Q57JD0,nanT,SC3276,11,3
4311,Q57M37,nuoK,SC2319,11,16
4342,Q57NH4,cspC,SC1831,11,4
4347,Q57RN4,speF,SC0721,10,6
4349,Q57TB7,yacF,SC0138,11,1
4357,Q57TE8,leuC,SC0107,12,7
4361,Q57H15,vtc,SC4091,4,1
4380,Q57MN1,udk,SC2124,11,6
4381,Q57MF0,mglC,SC2205,11,7
4403,Q57PZ0,pncA,SC1315,11,3
4407,Q57QE6,nagZ,SC1159,11,5
4414,Q57PR4,sufC,SC1391,1,4
4420,Q57M69,glpA,SC2287,11,8
4431,Q57QZ3,pncB,SC0962,11,6
4443,Q57SA7,ybaE,SC0498,1,1
4448,Q57RL2,sucD,SC0743,11,4
4450,Q57RF5,moaA,SC0800,11,4
4458,Q57H93,argH,SC4013,11,2
4475,Q57QC9,potB,SC1176,11,5
4477,Q57PQ1,ttrA,SC1404,11,2
4492,Q57RN3,kdpE,SC0722,11,3
4496,Q57SU1,dinP,SC0314,11,4
4519,Q57GZ5,malM,SC4111,11,1
4522,Q57S39,allC,SC0566,11,7
4526,Q57T51,yadR,SC0204,11,1
4536,Q57JX8,uxaC,SC3078,11,4
4539,Q57S05,ykgD,SC0600,1,1
4566,Q57QN8,agp,SC1067,10,2
4573,Q57MU4,pduS,SC2061,11,3
4660,Q57HS4,SC3832,SC3832,11,9
4678,Q57T95,yacL,SC0160,12,2
4679,Q57H72,rplA,SC4034,11,3
4689,Q57R65,poxB,SC0890,11,6
4708,Q57RA8,rimO,SC0847,11,5
4720,Q57QJ5,dinI,SC1110,11,2
4725,Q57IF4,sgbU,SC3602,11,2
4737,Q57JF0,yhbN,SC3256,11,2
4744,Q57JM0,tdcG,SC3186,10,5
4750,Q57R49,yafC,SC0906,1,1
4757,Q57M96,napC,SC2260,11,5
4798,Q57PN3,sseD,SC1422,7,1
4799,Q57KF7,grk,SC2899,17,8
4815,Q57KJ3,ftsB,SC2863,11,6
4818,Q57J95,mreC,SC3311,11,2
4821,Q57MB5,yejH,SC2240,11,1
4862,Q57L47,kgtP,SC2659,11,1
4865,Q57ME6,folE,SC2209,11,4
4877,Q57KT9,slrB,SC2767,11,6
4881,Q57GS3,dmsA,SC4183,7,11
4910,Q57P43,sgcA,SC1612,11,6
4916,Q57KA4,lysA,SC2952,11,10
4936,Q57TC7,ftsQ,SC0128,11,16
4939,Q57NF3,sopE2,SC1852,16,3
4957,Q57JK5,ptkC,SC3201,19,8
4961,Q57S34,arcC,SC0571,11,1
4971,Q57MT1,phsA,SC2074,10,3
4988,Q57N16,yodD,SC1989,12,2
4989,Q57JI3,pnp,SC3223,7,9
4994,Q57NC0,yebE,SC1885,11,3
5030,Q57RR6,rihA,SC0689,11,2
5042,Q57MR7,hisI,SC2088,11,2
5069,Q57HS7,wecD,SC3829,11,2
5079,Q57RK4,tolA,SC0751,11,1
5082,Q57QI3,flgC,SC1122,11,5
5106,Q57TJ4,carB,SC0061,11,4
5110,Q57QL7,csgF,SC1088,10,9
5114,Q57PN5,SC1420,SC1420,11,1
5124,Q57P89,rpsV,SC1566,9,1
5130,Q57JI5,deaD,SC3221,10,2
5170,Q57GN4,frdA,SC4222,11,13
5174,Q57L63,rseB,SC2643,11,3
5227,Q57QJ7,solA,SC1108,11,1
5232,Q57LJ7,imdH,SC2509,1,2
5241,Q57H79,coaA,SC4027,11,6
5281,Q57JU3,yiiZ,SC3113,27,4
5291,Q57GG7,fbp,SC4289,11,1
5310,Q57SW9,yjiW,SC0286,6,1
5330,Q57LH5,pepB,SC2531,11,4
5331,Q57IB4,rfaB,SC3642,11,2
5345,Q57QW4,vmtV,SC0991,5,3
5352,Q57JF9,yrbB,SC3247,11,2
5372,Q57HC1,rpmE,SC3985,11,11
5394,Q57I00,dnaA,SC3756,11,19
5416,Q57HF3,pfkA,SC3953,11,5
5434,Q57HG1,yiiZ,SC3945,27,4
5436,Q57GI4,cycA,SC4272,11,4
5441,Q57HD6,tpiA,SC3970,11,3
5461,Q57IQ6,ftsY,SC3500,11,1
5467,Q57PC2,ydeI,SC1533,11,2
5472,Q57N29,fliH,SC1976,13,5
5482,Q57N73,flhD,SC1932,11,16
5485,Q57KT8,srlD,SC2768,11,6
5492,Q57I14,torR,SC3742,10,9
5500,Q57GI5,fklB,SC4271,11,4
5514,Q57NP9,narJ,SC1756,11,10
5526,Q57IR4,livH,SC3492,11,4
5530,Q57NF7,SC1848,SC1848,11,1
5533,Q57QW5,SC0990,SC0990,1,3
5537,Q57HA1,pflC,SC4005,7,5
5555,Q57QP5,elbA,SC1060,6,4
5558,Q57NR0,tdk,SC1745,11,8
5560,Q57HT2,wzzE,SC3824,11,3
5571,Q57KW4,nrdF,SC2742,10,12
5586,Q57HN0,yigC,SC3876,11,5
5589,Q57MX3,cbiL,SC2032,11,4
5592,Q57JA7,yhcN,SC3299,6,1
5599,Q57ID3,gpsA,SC3623,11,1
5609,Q57TG5,rluA,SC0090,11,3
5639,Q57K38,tktA,SC3018,11,6
5640,Q57H01,yjbA,SC4105,11,2
5643,Q57TP2,dnaJ,SC0013,11,5
5646,Q57LQ6,hemF,SC2450,11,7
5657,Q57G70,SC4386,SC4386,2,1
5670,Q57HB3,SC3993,SC3993,9,1
5671,Q57R34,SC0921,SC0921,2,5
5673,Q57K34,yjmC,SC3022,7,1
5675,Q57MA5,narP,SC2251,10,25
5680,Q57RI1,galE,SC0774,11,17
5701,Q57JP5,yqjI,SC3161,11,3
5712,Q57GB2,SC4344,SC4344,1,2
5714,Q57N38,amyA,SC1967,11,3
5724,Q57LN7,talA,SC2469,11,6
5727,Q57J23,yheL,SC3383,11,3
5731,Q57TF0,SC0105,SC0105,1,1
5733,Q57HW4,yieN,SC3792,11,1
5754,Q57LT9,xapR,SC2417,10,1
5767,Q57QT8,ymbA,SC1017,11,6
5768,Q57I47,uhpB,SC3709,7,1
5774,Q57G32,radA,SC4424,11,1
5776,Q57G47,osmY,SC4409,11,4
5779,Q57NA4,znuB,SC1901,11,1
5780,Q57HS9,rffG,SC3827,11,2
5799,Q57GL6,hflC,SC4240,11,3
5808,H9L4U9,iroN,SC2708,11,8
5817,Q57LM3,nlpB,SC2483,11,3
5818,Q57R47,SC0908,SC0908,1,1
5824,Q57T77,yadI,SC0178,10,3
5829,Q57IX3,envZ,SC3433,11,2
5837,Q57NM9,ychH,SC1776,10,2
5843,Q57P86,fdnI,SC1569,10,7
5844,Q57SV5,tcfA,SC0300,4,2
5846,Q57PU1,ydiU,SC1364,10,6
5851,Q57JE2,mtgA,SC3264,11,4
5869,Q57MS1,hisB,SC2084,11,5
5907,Q57IP3,nikR,SC3513,11,8
5916,Q57QC4,phoQ,SC1181,11,1
5922,Q57HT6,rhlB,SC3820,10,3
5926,Q57T72,folK,SC0183,11,2
5929,Q57RB6,pflE,SC0839,11,5
5930,Q57PU3,nlpC,SC1362,1,2
5973,Q57P85,fdnH,SC1570,10,7
6015,Q57MD7,yeiH,SC2218,11,5
6019,Q57PT3,ydiR,SC1372,9,5
6028,Q57RZ3,ramA,SC0612,11,29
6033,Q57I48,uhpT,SC3708,10,4
6036,Q57LG2,asrC,SC2544,11,2
6049,Q57SJ3,prpE,SC0412,11,7
6053,Q57L19,yfjG,SC2687,11,1
6059,Q57P62,ydcX,SC1593,10,1
6066,Q57ME8,galS,SC2207,11,13
6068,Q57MD4,fruK,SC2221,11,5
6079,Q57M92,napA,SC2264,11,4
6088,Q57I91,rpoZ,SC3665,11,6
6098,Q57GL3,yjeB,SC4243,11,61
6119,Q57S60,ybbN,SC0545,10,1
6123,Q57G72,yjiY,SC4384,11,2
6127,Q57MK8,SC2147,SC2147,1,1
6149,Q57RU9,dpiA,SC0656,21,3
6156,Q57P78,narY,SC1577,11,10
6158,Q57K53,serA,SC3003,11,2
6160,Q57PB8,marA,SC1537,13,40
6163,Q57LU8,dciP,SC2408,10,1
6185,Q57QH1,rluC,SC1134,11,1
6197,Q57L21,smpA,SC2685,11,5
6210,Q57P36,ydcj,SC1619,9,1
6223,Q57SJ5,prpC,SC0410,11,2
6226,Q57GT1,adi,SC4175,11,3
6236,Q57P90,yddX,SC1565,11,2
6246,Q57MX9,cobU,SC2026,11,4
6249,Q57SG9,sbcC,SC0436,9,2
6288,Q57PE2,ynfH,SC1513,11,11
6289,Q57T24,dnaE,SC0231,11,6
6290,Q57IA9,kdtA,SC3647,11,4
6299,Q57QL4,csgB,SC1091,11,3
6306,Q57SB2,hupB,SC0493,11,9
6309,Q57H24,vbp,SC4082,1,1
6314,Q57RJ1,oadG,SC0764,23,3
6329,Q57NP6,narK,SC1759,11,5
6333,Q57IB0,rfaQ,SC3646,11,3
6343,Q57JJ8,yraP,SC3208,11,1
6345,Q57R53,SC0902,SC0902,9,2
6359,Q57QR6,pipA,SC1039,9,1
6368,Q57NV8,yciR,SC1697,11,2
6380,Q57T46,htrA,SC0209,11,9
6385,Q57K89,stdC,SC2967,29,1
6415,Q57RU0,ybeD,SC0665,11,1
6418,Q57GU8,nrfC,SC4158,11,8
6441,Q57L59,yfiC,SC2647,7,1
6446,Q57T56,stfF,SC0199,17,8
6448,Q57R83,potH,SC0872,11,6
6450,Q57LU5,mntH,SC2411,10,3
6451,Q57IQ9,rpoH,SC3497,11,3
6462,Q57R56,clpS,SC0899,11,6
6463,Q57MA6,SC2250,SC2250,7,1
6486,Q57QR9,yccK,SC1036,11,3
6494,Q57G29,slt,SC4427,11,4
6521,Q57GE6,pttB,SC4310,8,3
6540,Q57GE4,mgtA,SC4312,21,8
6589,Q57TE6,leuA,SC0109,11,7
6591,Q57PW9,celD,SC1336,11,5
6592,Q57L46,SC2660,SC2660,9,1
6608,Q57K16,yggS,SC3040,11,1
6617,Q57P26,yckA,SC1629,10,1
6619,Q57I81,SC3675,SC3675,1,1
6668,Q57SC9,yajQ,SC0476,11,1
6672,Q57PJ2,slyB,SC1463,11,2
6682,Q57JG7,obgE,SC3239,11,2
6686,Q57K94,yohL,SC2962,19,4
6708,Q57PH7,ydgK,SC1478,11,1
6714,Q57PG9,fumC,SC1486,11,5
6717,Q57T52,yadQ,SC0203,11,2
6718,Q57KQ7,hilC,SC2799,12,20
6719,Q57KY3,gabD,SC2723,11,5
6740,Q57NM2,cybH,SC1783,11,14
6745,Q57TK8,citA,SC0047,20,1
6755,Q57GF1,relE,SC4305,16,2
6758,Q57NQ2,ybeQ,SC1753,18,3
6761,Q57SV6,istB,SC0299,2,2
6764,Q57PP1,ssaB,SC1414,8,1
6789,Q57LV6,pgtP,SC2400,11,4
6792,Q57TJ2,caiE,SC0063,11,2
6799,Q57GI9,rpsR,SC4267,11,4
6800,Q57NF2,ycgX,SC1853,10,3
6810,Q57H95,argC,SC4011,11,5
6813,Q57KR4,fhlA,SC2792,11,19
6814,Q57HU1,ppiC,SC3815,11,1
6820,Q57KC2,recC,SC2934,11,2
6829,Q57TA7,yicJ,SC0148,9,1
6832,Q57JA9,mdh,SC3297,11,4
6842,Q57N77,cheA,SC1928,11,13
6846,Q57G17,sthA,SC4439,18,1
6854,Q57TJ7,dapB,SC0058,12,3
6875,Q57ID2,secB,SC3624,11,1
6904,Q57N24,fliM,SC1981,12,12
6905,Q57GL2,vacB,SC4244,11,2
6933,Q57KW6,nrdI,SC2740,11,2
6940,Q57HT0,wecC,SC3826,11,2
6945,Q57IH7,yiaF,SC3579,11,3
6968,Q57RK9,ybgT,SC0746,11,6
6975,Q57TG3,polB,SC0092,10,1
7001,Q57N40,fliS,SC1965,11,11
7003,Q57GS2,dmsB,SC4184,10,11
7008,Q57IG0,xylA,SC3596,10,5
7035,Q57LW1,yfdC,SC2395,11,5
7036,Q57JS1,SC3135,SC3135,5,1
7038,Q57KW5,nrdE,SC2741,11,8
7040,Q57JL6,tdcB,SC3190,11,4
7042,Q57MP3,wcaE,SC2112,11,1
7043,Q57LY8,accD,SC2368,11,16
7062,Q5J473,tnpA,SC008,1,1
7083,Q57RV0,dpiB,SC0655,20,1
7087,Q57Q66,SC1239,SC1239,36,13
7112,Q57KI3,yghJ,SC2873,3,3
7124,Q57P87,adhP,SC1568,11,3
7126,Q57LP9,eutG,SC2457,11,3
7136,Q57GH4,ytfL,SC4282,11,1
7156,Q57P73,ansP,SC1582,11,1
7163,Q57LM1,gcvR,SC2485,11,2
7176,Q57QD3,potD,SC1172,11,5
7180,Q57R50,SC0905,SC0905,1,1
7185,Q57QV1,sseI,SC1004,6,2
7191,Q57KB3,ygdP,SC2943,11,4
7194,Q57R04,mukE,SC0951,11,2
7205,Q57Q08,yeaG,SC1297,9,2
7215,Q57H42,aceK,SC4064,10,9
7226,Q57PP2,ssrA,SC1413,20,2
7235,Q57GK9,SC4247,SC4247,5,1
7243,Q57NU9,ribA,SC1706,11,2
7249,Q57HM0,mobB,SC3886,11,3
7268,Q57N97,ntpA,SC1908,11,4
7280,Q57TI8,caiA,SC0067,11,4
7285,Q57KI6,ygbT,SC2870,10,14
7296,Q57H33,yjbD,SC4073,11,1
7303,Q57S91,maa,SC0514,11,4
7315,Q57PM9,sseG,SC1426,2,2
7323,Q57HD4,yiiR,SC3972,10,1
7334,Q57KH9,cysH,SC2877,11,10
7339,Q57HL1,yihI,SC3895,10,1
7343,Q57ST8,pepD,SC0317,11,9
7352,Q57HR9,hemX,SC3837,10,5
7353,Q57J61,trkA,SC3345,11,1
7371,Q57P45,sgcC,SC1610,11,1
7377,Q57LV0,glk,SC2406,11,4
7393,Q57HY8,pstB,SC3768,1,1
7419,Q57N09,yedJ,SC1996,11,3
7422,Q57S32,purE,SC0573,11,3
7426,Q57QM6,SC1079,SC1079,20,8
7428,Q57IH4,SC3582,SC3582,11,2
7489,Q57L18,smpB,SC2688,11,1
7491,Q57GE9,nrdD,SC4307,13,13
7498,Q57PY0,SC1325,SC1325,1,2
7511,Q57HG7,rhaR,SC3939,10,7
7520,Q57JQ9,rfaE,SC3147,11,3
7541,Q57J46,rpsH,SC3360,11,17
7542,Q57LF7,glyA,SC2549,11,10
7554,Q57LX6,fabB,SC2380,11,13
7557,Q57J04,argD,SC3402,11,8
7561,Q57IU4,yagE,SC3462,9,3
7577,Q57RW7,dsbG,SC0638,11,4
7582,Q57ND3,SC1872,SC1872,5,1
7587,Q57JD2,nanK,SC3274,11,4
7589,Q57NI3,yoaE,SC1822,11,1
7594,Q57KZ2,nxiA,SC2714,9,1
7598,Q57SY0,SC0275,SC0275,3,1
7630,Q57QD6,ycfW,SC1169,11,6
7643,Q57S93,rpmJ,SC0512,11,1
7650,Q57QH7,flgI,SC1128,10,2
7657,Q57MC9,SC2226,SC2226,7,1
7663,Q57GV2,acs,SC4154,11,8
7677,Q57I44,fucP,SC3712,21,3
7678,Q57JM7,yqjF,SC3179,11,1
7685,Q57N67,ftnB,SC1938,11,3
7698,Q57QK7,mdoH,SC1098,11,1
7701,Q57M13,ulaA,SC2343,11,1
7707,Q57G28,trpR,SC4428,11,10
7725,Q57IF5,sgbH,SC3601,11,4
7741,Q57M83,rcsB,SC2273,11,25
7748,Q57RL0,cydB,SC0745,11,7
7752,Q57KG4,stfE,SC2892,19,2
7762,Q57PB0,SC1545,SC1545,10,1
7778,Q57IA3,dfp,SC3653,7,2
7791,Q57N62,tyrP,SC1943,11,3
7794,Q57MQ1,wcaJ,SC2104,20,2
7809,Q5J420,SC061,SC061,1,1
7818,Q57HU8,ilvE,SC3808,11,14
7819,Q57RU8,dcuC,SC0657,11,7
7857,Q57I74,slsA,SC3682,22,2
7865,Q57M11,ptxA,SC2345,11,1
7866,Q57TC1,mutT,SC0134,11,6
7867,Q57J33,rplD,SC3373,11,2
7877,Q57R44,cydD,SC0911,1,1
7881,Q57LD0,rnc,SC2576,11,1
7892,Q57NJ9,ycgL,SC1806,11,1
7899,Q57MR8,hisF,SC2087,11,8
7900,Q57GM2,amiB,SC4234,11,3
7903,Q57H55,hupA,SC4051,11,5
7914,Q57PY4,gdhA,SC1321,5,2
7922,Q57H74,nusG,SC4032,11,5
7923,Q57T90,speD,SC0165,11,1
7940,Q57R39,ycaJ,SC0916,11,1
7944,Q57MZ3,SC2012,SC2012,1,1
7958,Q57P77,narV,SC1578,10,10
7984,Q57K59,SC2997,SC2997,11,1
8008,Q57IB1,rfaG,SC3645,11,1
8010,Q57LC1,SC2585,SC2585,1,1
8012,Q57RZ1,ybdK,SC0614,11,2
8017,Q57SD4,phnR,SC0471,11,4
8018,Q57NN9,kdsA,SC1766,11,3
8053,Q57QH4,flgL,SC1131,11,5
8077,Q57TF9,araA,SC0096,11,1
8099,Q57I46,uhpA,SC3710,11,5
8108,Q57LI2,SC2524,SC2524,1,1
8119,Q57I70,yicL,SC3686,10,1
8122,Q57KV4,luxS,SC2752,11,2
8125,Q57L72,SC2634,SC2634,3,1
8132,Q57NS8,ctjC,SC1727,11,2
8150,Q57MI7,yehE,SC2168,11,1
8152,Q57N53,SC1952,SC1952,6,1
8153,Q57MH1,pbpG,SC2184,10,8
8159,Q57QP2,cbpA,SC1063,11,3
8163,P0C0R6,SC2300,SC2300;SC2300.1,13,6
8164,Q57N47,fliY,SC1958,11,4
8167,Q57RD7,dinG,SC0818,9,2
8175,Q57HS3,wecF,SC3833,11,3
8200,Q57LY5,usg,SC2371,11,4
8220,Q57HB1,SC3995,SC3995,1,1
8226,Q57GG6,mpl,SC4290,10,7
8259,Q57J50,rpmD,SC3356,11,1
8284,Q57NT2,trpA,SC1723,11,8
8290,Q57IB7,rfaY,SC3639,11,2
8291,Q57H97,ppc,SC4009,10,1
8294,Q57HJ6,yihQ,SC3910,11,3
8298,Q57RA7,etfB,SC0848,7,2
8309,Q57GA2,SC4354,SC4354,1,1
8315,Q57S46,glxR,SC0559,11,6
8318,Q57G39,deoB,SC4417,11,10
8339,Q57TE1,ilvH,SC0114,11,4
8343,Q57J63,fmt,SC3343,11,3
8349,Q57Q91,terS,SC1214,4,2
8351,Q57SD9,xseB,SC0466,11,6
8358,Q57J80,envR,SC3326,20,13
8363,Q57TA9,ampE,SC0146,10,1
8384,Q57RU3,lipA,SC0662,11,5
8398,Q57HX6,atpH,SC3780,11,13
8422,Q57ST6,frsA,SC0319,11,4
8431,Q57RZ5,ybdF,SC0610,11,1
8448,Q57RC4,SC0831,SC0831,1,2
8462,Q57K01,speC,SC3055,9,6
8494,Q57JU9,yqhC,SC3107,7,4
8502,Q57NS0,cls,SC1735,11,9
8503,Q57HV0,yifB,SC3806,9,2
8524,Q57KR3,ygbA,SC2793,11,2
8525,Q57GM3,yjeE,SC4233,11,1
8542,Q57HL6,dsbA,SC3890,11,4
8570,Q57JM5,yhaJ,SC3181,11,2
8575,Q57SJ4,prpD,SC0411,11,3
8576,Q57SA9,ybaW,SC0496,10,2
8603,Q57MW6,cbiE,SC2039,11,2
8604,Q57L30,rimM,SC2676,11,5
8609,Q57IW9,feoA,SC3437,11,5
8617,Q57SU5,fadE,SC0310,7,14
8621,Q57TD0,murG,SC0125,11,8
8625,Q57GT7,proP,SC4169,10,5
8628,Q57KJ0,cysN,SC2866,11,5
8630,Q57PF7,pntB,SC1498,11,4
8638,Q57PP0,ssaC,SC1415,12,1
8643,Q57LH3,fdx,SC2533,11,4
8644,Q57H50,purD,SC4056,11,8
8649,Q57NQ5,ychJ,SC1750,10,2
8651,Q57SC3,cyoD,SC0482,11,10
8655,Q57S15,fimW,SC0590,3,1
8671,Q57N33,fliE,SC1972,11,3
8704,Q57QJ0,rimJ,SC1115,11,4
8705,Q57HN5,tatA,SC3871,11,2
8707,Q57GV4,actP,SC4152,11,3
8709,Q57KE8,ygdH,SC2908,11,1
8716,Q57PR2,sufS,SC1393,10,12
8723,Q57NT9,yciL,SC1716,11,4
8726,Q57I95,yigC,SC3661,8,1
8727,Q57GS8,melB,SC4178,11,5
8730,Q57GZ2,plsB,SC4114,11,8
8731,Q57L56,yfiK,SC2650,11,2
8741,Q57NT3,trpB,SC1722,12,11
8742,Q57JN2,yqjB,SC3174,11,2
8749,Q57GJ8,sgaB,SC4258,17,7
8765,Q57SA2,mdlB,SC0503,1,1
8767,Q57RG3,bioB,SC0792,11,19
8781,Q57LS7,pthP,SC2429,11,49
8786,Q57TC5,ftsZ,SC0130,11,21
8806,Q57GN3,yjeA,SC4223,11,3
8809,Q57R68,ybjS,SC0887,2,3
8810,Q57M66,elaD,SC2290,9,1
8831,Q57H13,SC4093,SC4093,2,1
8841,Q57T11,metQ,SC0244,11,1
8843,Q57JJ3,yhbS,SC3213,11,1
8853,Q57P19,hrpA,SC1636,11,2
8867,Q57N75,motA,SC1930,12,2
8873,Q57NB2,yebK,SC1893,11,1
8885,Q57IV2,glpR,SC3454,10,9
8900,Q57H94,argB,SC4012,11,3
8906,Q57PH1,manA,SC1484,11,2
8908,Q57KQ9,sitD,SC2797,11,4
8916,Q57L61,rpoE,SC2645,11,14
8927,Q57NZ8,ydaA,SC1657,11,1
8929,Q57LW8,yfcN,SC2388,11,4
8933,Q57K06,trmB,SC3050,11,3
8960,Q57QA2,rusA,SC1203,2,2
8962,Q57K10,ansB,SC3046,11,6
8963,Q57NJ8,minC,SC1807,11,22
8977,Q57MT9,pduW,SC2066,11,6
8982,Q57T40,map,SC0215,10,1
8986,Q57P66,ydcY,SC1589,11,7
9008,Q57Q04,yeaD,SC1301,9,2
9049,Q57MH5,yehY,SC2180,11,4
9090,Q57JL1,garR,SC3195,11,5
9093,Q57MU7,pduO,SC2058,10,6
9118,Q57K71,fldB,SC2985,11,6
9123,Q57R79,ulaA,SC0876,11,1
9134,Q57TM2,SC0033,SC0033,2,1
9143,Q57HT3,wecA,SC3823,11,2
9155,Q57L43,clpB,SC2663,11,8
9173,Q57R00,aspC,SC0955,11,7
9180,Q57QQ4,hpaG,SC1051,10,2
9181,Q57MJ4,thiD,SC2161,11,6
9182,Q5J433,sulII,SC048,11,3
9184,Q57IY1,mrcA,SC3425,11,5
9190,Q57L26,yfjD,SC2680,11,1
9225,Q57RB0,yliC,SC0845,11,2
9230,Q57G22,creC,SC4434,10,1
9246,Q57Q38,oxd6A,SC1267,11,6
9247,Q57J25,rpsG,SC3381,11,5
9266,Q57LD5,yfhL,SC2571,11,5
9277,Q57HP1,dlhH,SC3865,10,1
9287,Q57RZ8,SC0607,SC0607,1,1
9294,Q57NE1,SC1864,SC1864,10,1
9303,Q57J36,rpsS,SC3370,11,9
9314,Q57NV5,osmB,SC1700,9,2
9339,Q57Q57,SC1248,SC1248,11,1
9347,Q57Q26,SC1279,SC1279,11,4
9357,Q57MC8,yeiP,SC2227,9,2
9369,Q57MV0,pduL,SC2055,11,4
9406,Q57M48,yfbB,SC2308,11,1
9420,Q57JH9,infB,SC3227,8,2
9425,Q57J05,yhfK,SC3401,10,2
9430,Q57KP0,sipC,SC2816,7,2
9437,Q57T20,yaeR,SC0235,11,4
9446,Q57I17,torD,SC3739,11,3
9461,Q57LD8,panE,SC2568,10,4
9480,Q57QP4,SC1061,SC1061,5,2
9489,Q57TI9,caiB,SC0066,10,8
9492,Q57JY1,exuT,SC3075,11,4
9493,Q57Q34,SC1271,SC1271,1,2
9494,Q57PE0,ynfF,SC1515,20,15
9497,Q57LH2,hscB,SC2534,11,2
9509,Q57SL2,oprM,SC0393,9,5
9517,Q57SI9,ampH,SC0416,11,1
9524,Q57LM4,purC,SC2482,11,3
9538,Q57M89,yojI,SC2267,1,1
9581,Q57SE1,ispA,SC0464,11,6
9586,Q57I34,dsdC,SC3722,11,1
9595,Q57SU4,gmhA,SC0311,11,3
9613,Q57R92,ybjK,SC0863,10,5
9617,Q57PJ0,ydhA,SC1465,10,1
9642,Q57IN4,yhiQ,SC3522,11,7
9647,Q5J3Y5,SC098,SC098,1,1
9650,Q57QQ0,hpaH,SC1055,11,3
9654,Q57S44,allP,SC0561,9,3
9666,Q57NN4,hemA,SC1771,11,3
9684,Q57RQ3,nagD,SC0702,11,2
9697,Q57L23,grpE,SC2683,11,3
9717,Q57JI8,yafK,SC3218,7,1
9725,Q57NL1,ycgO,SC1794,10,1
9726,Q57GZ4,ubiC,SC4112,11,2
9743,Q57MD6,nfo,SC2219,11,5
9748,Q57GS7,fumB,SC4179,10,9
9752,Q57RV3,citD,SC0652,11,9
9802,Q57PE3,ynfI,SC1512,11,6
9803,Q57MN7,wzb,SC2118,11,1
9810,Q57QP9,hpaI,SC1056,22,7
9817,Q57R67,ybjT,SC0888,2,3
9819,Q57JL9,tdcE,SC3187,11,7
9830,Q57RS7,leuS,SC0678,11,12
9831,Q57I92,gmk,SC3664,11,2
9833,Q57N82,cheY,SC1923,11,8
9862,Q57KI4,ygcI,SC2872,3,3
9876,Q57Q25,yeaS,SC1280,11,1
9877,Q57IC1,rfaC,SC3635,11,3
9880,Q57HE3,ydeW,SC3963,3,1
9883,Q57GT4,yjdB,SC4172,19,2
9916,Q57SH5,yaiA,SC0430,11,6
9917,Q57G75,SC4381,SC4381,2,1
9923,Q57J22,yheM,SC3384,11,2
9934,Q57PX2,celA,SC1333,7,4
9946,Q57PP4,SC1411,SC1411,10,1
9947,Q57Q82,gipA,SC1223,5,1
9961,Q57M62,yfaW,SC2294,11,2
9967,Q57MW8,cbiF,SC2037,11,2
9987,Q57HN1,rfaH,SC3875,10,1
9995,Q57R64,hcr,SC0891,11,12
10017,Q57PV5,SC1350,SC1350,1,2
10037,Q57T62,fhuD,SC0193,11,4
10051,Q57TK5,oag3,SC0050,23,4
10058,Q57JC7,sspB,SC3279,11,1
10065,Q57RB4,moeA,SC0841,11,6
10069,Q57M63,yfaV,SC2293,29,3
10075,Q57SH0,araJ,SC0435,10,2
10078,Q57MF5,cdd,SC2200,11,12
10093,Q57TH5,yabF,SC0080,11,1
10098,Q57PD7,ynfC,SC1518,11,5
10099,Q57J15,kefB,SC3391,10,3
10137,Q57K17,yggR,SC3039,11,1
10145,Q57TD3,mraY,SC0122,11,6
10187,Q57IH8,yiaE,SC3578,11,9
10189,Q57IS3,ugpC,SC3483,1,2
10193,Q57PJ1,anmK,SC1464,11,3
10225,Q57HP5,yigL,SC3861,7,2
10238,Q57RR3,gltJ,SC0692,11,2
10254,Q57K98,yqeF,SC2958,11,1
10255,Q57KY5,ygaT,SC2721,6,1
10260,Q57QB5,intE,SC1190,3,1
10267,Q57SY2,SC0273,SC0273,3,1
10275,Q57G13,arcA,SC4443,11,77
10302,Q57K63,SC2993,SC2993,6,1
10312,Q57PV0,rplT,SC1355,11,4
10345,Q57RD6,ybiB,SC0819,10,1
10357,Q5J4D1,SCV01,SCV01,2,5
10359,Q57NY1,ycjG,SC1674,11,3
10370,Q57KM8,invA,SC2828,22,7
10371,Q57HE9,SC3957,SC3957,10,2
10386,Q57QG2,fabG,SC1143,11,10
10395,Q57HU6,ilvA,SC3810,11,4
10397,Q57QG7,yceD,SC1138,11,1
10405,Q57P61,ydcW,SC1594,11,2
10429,Q57PU8,pheT,SC1357,11,8
10453,Q5J3S3,relE,SC166,16,2
10463,Q57M35,nuoI,SC2321,11,16
10464,Q57K87,stdA,SC2969,8,35
10473,Q57JG3,ispB,SC3243,11,5
10479,Q57MR9,hisA,SC2086,11,3
10483,Q57RF6,ybhK,SC0799,11,7
10491,Q57PM6,ssaI,SC1429,11,2
10508,Q57IW2,gntT,SC3444,11,7
10520,Q57HV8,rbsK,SC3798,11,5
10528,Q57GJ0,priB,SC4266,11,2
10533,Q57L52,trxC,SC2654,11,16
10535,Q57SL0,hmrR,SC0395,9,42
10546,Q57SF7,yajC,SC0448,11,1
10548,Q57JQ2,ygiH,SC3154,11,2
10573,Q57H60,rsd,SC4046,11,2
10581,Q57H61,thiC,SC4045,11,4
10589,Q57KV1,yqaB,SC2755,10,2
10606,Q57JK1,yraM,SC3205,11,1
10608,Q57L48,yfiM,SC2658,10,1
10633,Q57QN7,yccJ,SC1068,11,1
10634,Q57RL7,sdhA,SC0738,11,11
10638,Q57PB2,yneG,SC1543,11,1
10645,Q57JP8,rpoD,SC3158,12,14
10650,Q57GM0,miaA,SC4236,11,2
10661,Q57KJ8,pcm,SC2858,11,2
10665,Q5J3T8,SC151,SC151,1,1
10672,Q57PK4,ydhO,SC1451,10,1
10679,Q9KJV4,fliB,SC1961,9,1
10719,Q57RY9,fepA,SC0616,11,7
10728,Q57M43,elaC,SC2313,22,1
10774,Q57II1,yiaC,SC3575,11,1
10775,Q57RX8,entE,SC0627,19,14
10777,Q57KH8,cysI,SC2878,11,5
10794,Q57I18,yhjA,SC3738,10,2
10797,Q57RR4,gltK,SC0691,11,2
10812,Q57G63,mdoB,SC4393,11,2
10825,Q57IN6,uspA,SC3520,11,3
10846,Q57IB9,rfaK,SC3637,11,5
10854,Q57S49,allA,SC0556,10,5
10855,Q57QW6,SC0989,SC0989,1,1
10868,Q57RP0,ybfE,SC0715,11,3
10869,Q57I51,SC3705,SC3705,18,7
10870,Q57LY3,flk,SC2373,11,1
10876,Q57GZ0,lexA,SC4116,11,38
10877,Q57TM1,nhaA,SC0034,11,1
10898,Q57NR1,adhE,SC1744,11,18
10905,Q57QD5,ycfX,SC1170,11,2
10908,Q57I52,ptkB,SC3704,19,8
10909,Q57HU7,ilvD,SC3809,11,6
10912,Q57II7,lpfD,SC3569,9,2
10928,Q57R35,SC0920,SC0920,10,16
10941,Q57GZ9,malF,SC4107,11,10
10954,Q57PY7,ydjA,SC1318,11,1
10971,Q57Q84,vgp7,SC1221,4,2
10973,Q57NW1,fabI,SC1694,11,9
10977,Q57H41,SC4065,SC4065,10,2
10989,Q57KL1,ygbM,SC2845,20,6
10996,Q57NP1,chaB,SC1764,10,1
11009,Q57HT5,trxA,SC3821,11,92
11012,Q57HX9,atpD,SC3777,11,14
11025,Q57JT9,SC3117,SC3117,11,11
11074,Q57IS0,ugpB,SC3486,11,5
11090,Q57KC7,amiC,SC2929,7,3
11094,Q57RZ4,SC0611,SC0611,11,17
11104,Q57J31,rpsJ,SC3375,11,6
11107,Q57KK5,pad,SC2851,10,1
11109,Q57J42,rplN,SC3364,11,3
11125,Q57H25,vpi,SC4081,1,1
11128,Q57HD7,rpe,SC3969,11,3
11130,Q57IU6,gldA,SC3460,9,3
11136,Q57ST3,proB,SC0322,11,1
11146,Q57QC5,ycfD,SC1180,1,1
11155,Q57LQ2,eutL,SC2454,1,1
11210,Q57JG8,dacB,SC3238,11,6
11213,Q57IL0,kdgK,SC3546,7,5
11219,Q57R81,ybjO,SC0874,11,1
11239,Q57PD2,rspB,SC1523,18,1
11240,Q57RY8,fes,SC0617,11,10
11255,Q57I75,SC3681,SC3681,1,1
11286,Q57J53,rpmJ,SC3353,7,2
11313,Q57LI4,yfgB,SC2522,11,4
11320,Q57IJ5,dppA,SC3561,10,4
11337,Q57GX8,aphA,SC4128,11,5
11346,Q57HW9,gidA,SC3787,11,3
11353,Q57GY1,dnaB,SC4125,11,8
11364,Q57JU8,yqhD,SC3108,11,2
11369,Q57TK6,oadA,SC0049,19,5
11372,Q57HV7,rbsR,SC3799,10,6
11378,Q57J54,rpsK,SC3352,11,6
11384,Q57NG4,prc,SC1841,11,1
11390,Q57GP8,groES,SC4208,11,4
11405,Q57NL6,treA,SC1789,11,2
11416,Q57N51,sdiA,SC1954,11,8
11428,Q57K14,yggU,SC3042,11,6
11442,Q57NR9,yciU,SC1736,5,1
11445,Q57QU1,rlmL,SC1014,11,3
11456,Q57RF1,moaE,SC0804,11,11
11460,Q57KG3,stfF,SC2893,17,8
11461,Q57TA4,aceE,SC0151,11,9
11468,Q57NJ6,minE,SC1809,11,4
11470,Q57M18,ackA,SC2338,11,7
11479,Q57LF0,glnB,SC2556,11,6
11499,Q57S08,rfbI,SC0597,5,2
11501,Q57RN2,kdpD,SC0723,11,3
11502,Q57KH0,eno,SC2886,11,6
11513,Q57KL4,SC2842,SC2842,1,1
11531,Q57KS1,hycB,SC2785,11,11
11554,Q57I19,ccmA,SC3737,1,2
11574,Q57NX5,pspD,SC1680,11,1
11609,Q57TA8,abf2,SC0147,9,1
11615,Q57H91,udhA,SC4015,11,4
11622,Q57GJ6,ulaD,SC4260,11,6
11627,Q57K21,gshB,SC3035,11,2
11628,Q57PX3,osmE,SC1332,11,2
11637,Q57KQ3,prgK,SC2803,8,3
11646,Q57TL5,ileS,SC0040,11,6
11652,Q57MV7,pduC,SC2048,11,9
11666,Q57KS0,hycA,SC2786,11,1
11712,Q57MS0,hisH,SC2085,11,5
11714,Q57IZ8,nirB,SC3408,11,2
11719,Q57RT9,dacA,SC0666,11,3
11734,Q57SL1,mtrC,SC0394,9,3
11765,Q57TI3,fixC,SC0072,11,1
11770,Q57M67,glpC,SC2289,11,9
11794,Q57M85,ompC,SC2271,11,7
11812,Q57PB7,marR,SC1538,11,10
11824,Q57IY8,aroB,SC3418,11,6
11844,Q57HX4,atpL,SC3782,11,10
11880,Q57N74,flhC,SC1931,15,8
11882,Q57PT9,aroH,SC1366,11,4
11887,Q57KI2,tnpA,SC2874,6,3
11895,Q57HE5,SC3961,SC3961,6,1
11911,Q57MB9,yejG,SC2236,11,5
11928,Q57J82,yhdJ,SC3324,10,27
11931,Q57SR7,regN,SC0338,2,1
11943,Q57HW3,trkD,SC3793,11,1
11970,Q57SI4,ddl,SC0421,10,7
11985,Q57QX3,SC0982,SC0982,3,2
11994,Q57LN5,SC2471,SC2471,11,1
11997,Q57RL4,sucB,SC0741,11,8
11999,Q57RP6,ybfN,SC0709,10,1
12007,Q57GF2,relB,SC4304,11,2
12017,Q57JA1,yhcS,SC3305,11,1
12020,Q57TG7,imp,SC0088,12,2
12021,Q57TP5,htgA,SC0010,11,2
12048,Q57R61,ybjD,SC0894,1,1
12051,Q57L37,pheA,SC2669,11,5
12053,Q57PQ6,pykF,SC1399,11,2
12085,Q57NU5,cysB,SC1710,11,17
12088,Q57MT0,SC2075,SC2075,1,1
12092,Q57QE0,ycfS,SC1165,10,5
12093,Q57LN6,tktB,SC2470,11,7
12101,Q57QP3,yccD,SC1062,11,1
12103,Q57JE1,yhbL,SC3265,11,4
12120,Q57KR5,hypE,SC2791,11,9
12128,Q57PG3,SC1492,SC1492,1,1
12130,Q57LI1,ynfH,SC2525,11,12
12134,Q57GF0,nrdG,SC4306,11,8
12139,Q57LT7,xapB,SC2419,20,10
12141,Q57TN5,bcfA,SC0020,10,1
12145,Q57SM2,stbA,SC0383,10,1
12146,Q57QW7,SC0988,SC0988,1,1
12149,Q57SD0,apbA,SC0475,11,5
12162,Q57IV0,glpE,SC3456,11,7
12175,Q57N25,fliL,SC1980,11,2
12179,Q57J44,rplE,SC3362,11,2
12198,Q57NL0,dadX,SC1795,10,5
12207,Q57NB6,eda,SC1889,10,5
12209,Q57NV9,rnb,SC1696,11,1
12212,Q57IB5,rfaI,SC3641,11,3
12213,Q57JU1,ygiK,SC3115,29,4
12222,Q57IL9,treF,SC3537,11,2
12224,Q57N69,otsB,SC1936,11,7
12228,Q57R71,ybjP,SC0884,11,1
12258,Q57JW8,hybC,SC3088,11,11
12290,Q57J07,yhfA,SC3399,11,1
12296,Q57PU2,ydiV,SC1363,24,4
12297,Q57RW8,ybdO,SC0637,9,2
12310,Q57T41,glnD,SC0214,11,3
12326,Q57TI5,fixA,SC0070,11,2
12331,Q57PL0,ribE,SC1445,11,5
12338,Q57KU2,mltB,SC2764,11,7
12352,Q57TQ0,yaaA,SC0005,11,1
12385,Q57LV4,ddg,SC2402,7,3
12393,Q57JQ8,glnE,SC3148,11,1
12425,Q57K40,cbiO,SC3016,1,1
12448,Q57JC1,yhcB,SC3285,11,1
12450,Q57HC8,menG,SC3978,11,3
12454,Q57K58,ubiH,SC2998,11,8
12458,Q57RT7,rlpA,SC0668,11,1
12468,Q57J17,slyD,SC3389,11,4
12469,Q57GY0,alr,SC4126,11,3
12476,Q57P29,sseJ,SC1626,9,3
12495,Q57N07,ompS,SC1998,9,3
12496,Q57SM1,SC0384,SC0384,10,1
12499,Q57PQ4,pip,SC1401,6,1
12500,Q57LI5,yfgA,SC2521,10,2
12515,Q57NH8,yobD,SC1827,10,3
12520,Q57KS4,hycE,SC2782,11,18
12538,Q57RA4,acdC,SC0851,8,11
12545,Q57PP9,ttrB,SC1406,9,2
12567,Q57S50,ybbS,SC0555,10,6
12588,Q57H70,rplL,SC4036,11,4
12599,Q57N08,yedR,SC1997,10,2
12606,Q57M99,ccmC,SC2257,20,2
12617,Q57QF5,tmk,SC1150,11,4
12618,Q57MA4,ccmH,SC2252,21,1
12622,Q57RD1,glnP,SC0824,10,1
12624,Q57IN0,gor,SC3526,11,5
12628,Q57T16,yaeQ,SC0239,11,1
12631,Q57PN8,ssaE,SC1417,11,2
12643,Q57TD7,ftsL,SC0118,11,12
12653,Q57PF0,ynfL,SC1505,11,1
12673,Q57H58,hemE,SC4048,11,8
12683,Q57JA5,yhcO,SC3301,11,1
12701,Q57RY2,fepD,SC0623,11,7
12723,Q57IP7,dcrB,SC3509,11,7
12733,Q57K07,yggL,SC3049,11,1
12738,Q57KC6,argA,SC2930,11,2
12747,Q57RL5,sucA,SC0740,11,8
12769,Q57IY9,damX,SC3417,11,7
12777,Q57PY3,ynjH,SC1322,1,2
12785,Q57S14,SC0591,SC0591,1,1
12789,H9L4U5,iroD,SC2706,10,7
12798,Q57IZ5,cysG,SC3411,11,12
12803,Q57QL3,csgA,SC1092,11,3
12817,Q57RJ4,fumA,SC0761,9,4
12828,Q57KD3,ygdI,SC2923,11,1
12834,Q57H06,pgi,SC4100,11,1
12837,Q57LI7,hisS,SC2519,11,5
12844,Q57RQ6,ubiF,SC0699,11,6
12845,Q57KJ6,truD,SC2860,11,2
12851,Q57TK0,citF2,SC0055,11,6
12858,Q57R51,ycaC,SC0904,22,2
12877,Q57N41,fliD,SC1964,11,4
12889,Q57TC8,ddl,SC0127,11,11
12891,Q57IZ1,rpe,SC3415,11,14
12898,Q57K02,nupG,SC3054,20,10
12911,Q57SE2,dxs,SC0463,11,1
12920,Q57L55,yfiD,SC2651,11,9
12930,Q5J3W4,SC121,SC121,1,1
12935,Q57H07,SC4099,SC4099,11,3
12940,Q57SE5,thiL,SC0460,11,7
12987,Q57QJ1,yceL,SC1114,11,3
13004,Q57HM7,fadA,SC3879,11,10
13044,Q57NK3,rpmF,SC1802,11,1
13050,Q57M31,nuoE,SC2325,11,21
13064,Q57KS6,hycG,SC2780,11,12
13080,Q57R58,ybjZ,SC0897,1,2
13088,Q57PK9,cfa,SC1446,11,4
13097,P61090,slyA,SC1462,11,26
13104,Q57MV3,pduH,SC2052,11,8
13119,Q57LQ5,ypfK,SC2451,6,1
13122,Q57RP4,frdA,SC0711,11,1
13132,Q57PK6,purR,SC1449,11,29
13138,Q57RC3,mntR,SC0832,11,34
13145,Q57KR7,hypC,SC2789,11,5
13149,H9L4V1,tnpA,SC089,2,1
13151,Q57KH7,cysJ,SC2879,11,6
13155,Q57GU6,nrfE,SC4160,10,4
13167,Q57G23,creB,SC4433,10,2
13200,Q57II8,lpfE,SC3568,3,2
13211,Q57S22,fimI,SC0583,7,1
13217,Q57S79,ybaB,SC0526,1,1
13220,Q57JP1,oat,SC3165,11,7
13236,Q57HE0,yneA,SC3966,11,1
13237,Q57HY1,glmU,SC3775,11,11
13245,Q57QE4,ndh,SC1161,11,5
13250,Q57IW3,yhgI,SC3443,11,2
13253,Q57J45,rpsN,SC3361,11,4
13276,Q57P32,yohL,SC1623,19,4
13314,Q57GR6,SC4190,SC4190,11,29
13324,Q57QC2,purB,SC1183,11,7
13334,Q57PW8,celF,SC1337,11,2
13347,Q57SH9,adrA,SC0426,11,1
13355,Q57S38,allD,SC0567,11,3
13356,Q57G46,SC4410,SC4410,8,3
13357,Q57HR0,dapF,SC3846,11,4
13358,Q57JE4,ptsO,SC3262,11,1
13362,Q57SC1,cyoB,SC0484,11,12
13366,Q57S09,yfdH,SC0596,5,1
13383,Q57PY1,xthA,SC1324,3,2
13409,Q57RV2,citC,SC0653,10,6
13467,Q57GE2,pyrI,SC4314,11,5
13473,Q57TB0,ampD,SC0145,11,5
13476,Q57NR4,oppB,SC1741,11,3
13478,Q57KZ4,virK,SC2712,11,1
13485,Q57RX1,ybdL,SC0634,11,5
13498,Q57G49,yjjG,SC4407,11,2
13519,Q57RF2,moaD,SC0803,11,7
13532,Q57S76,adk,SC0529,11,8
13536,Q57PQ0,ttrC,SC1405,10,2
13549,Q57PJ6,sodC,SC1459,8,1
13553,Q57RW6,ahpC,SC0639,11,9
13554,Q57HY4,aroE,SC3772,9,5
13581,Q57NN5,prfA,SC1770,11,2
13583,Q57IM4,aspG,SC3532,9,2
13587,Q57K47,yggB,SC3009,11,1
13618,Q57TI4,fixB,SC0071,11,4
13624,Q57QU4,pyrD,SC1011,11,6
13628,Q57IB2,rfaP,SC3644,11,2
13630,Q57HK7,glnA,SC3899,10,3
13641,Q57LE0,murQ,SC2566,11,3
13649,Q57LQ0,eutH,SC2456,11,3
13651,Q57HY6,pstC,SC3770,11,3
13655,Q57SB5,clpP,SC0490,11,4
13674,Q57P49,tehA,SC1606,11,1
13681,Q57Q09,yeaH,SC1296,8,2
13690,Q57RX5,ybdB,SC0630,11,3
13703,Q57I33,dsdX,SC3723,11,1
13708,Q57SB9,ampG,SC0486,11,8
13717,Q57T19,tilS,SC0236,11,2
13740,Q57SJ9,yahN,SC0406,11,1
13743,Q57P10,nifJ,SC1645,10,10
13761,Q57MM6,yegM,SC2129,10,2
13769,Q57HI2,fdhE,SC3924,11,1
13770,Q57GS4,dcuS,SC4182,10,4
13773,Q57SB8,yajG,SC0487,7,2
13784,Q57QH3,rne,SC1132,11,18
13789,Q57LE1,yfeV,SC2565,11,2
13849,Q57KS9,SC2777,SC2777,10,2
13856,Q57PK0,nemA,SC1455,11,3
13867,Q57T71,pcnB,SC0184,11,9
13883,Q57S81,apt,SC0524,11,9
13887,Q57R48,infA,SC0907,11,3
13890,Q57KD2,csdA,SC2924,11,2
13902,Q57RJ8,ybgR,SC0757,11,2
13903,Q57L33,yfiR,SC2673,11,1
13909,Q57QH6,flgJ,SC1129,11,10
13911,Q57LN3,yffH,SC2473,11,3
13923,Q57JT8,parC,SC3118,11,1
13937,Q57G25,rob,SC4431,11,15
13955,Q57JH3,glmM,SC3233,11,6
13979,Q57TA5,pdhR,SC0150,11,29
13985,Q57KC4,recB,SC2932,11,2
14011,Q57T86,gcd,SC0169,10,10
14021,Q57NX1,pspF,SC1684,11,8
14036,Q57N64,ftn,SC1941,11,3
14040,Q57R05,mukF,SC0950,11,1
14063,Q57T14,proS,SC0241,11,6
14067,Q57MP6,wcaG,SC2109,11,1
14086,Q57SI0,psiF,SC0425,9,1
14098,Q57MX5,cbiN,SC2030,11,2
14099,Q57HF7,cpxA,SC3949,11,2
14100,Q57RJ9,pnuC,SC0756,11,3
14112,Q57T69,dksA,SC0186,11,3
14125,Q57LW2,vacJ,SC2394,11,8
14132,Q57JC8,yhcK,SC3278,11,8
14138,Q57NT5,trpD,SC1720,13,5
14142,Q57G68,ptrB,SC4388,2,1
14154,H9L4U2,SC2098,SC2098,1,1
14163,Q57QL9,ycdZ,SC1086,11,2
14164,Q57SJ7,prpR,SC0408,10,7
14165,Q57LL3,yfgE,SC2493,11,4
14186,Q57N31,fliF,SC1974,11,3
14194,Q57RX4,cstA,SC0631,12,1
14196,Q57KJ1,SC2865,SC2865,11,10
14217,Q57MR6,wzzB,SC2089,11,2
14218,Q57KV9,emrR,SC2747,11,5
14224,Q57QQ1,hpaF,SC1054,11,2
14233,Q57IG8,insK,SC3588,1,1
14241,Q57PH6,ydgT,SC1479,11,1
14250,Q57GY7,yjbJ,SC4119,11,1
14259,Q57QB9,ymfB,SC1186,11,4
14261,Q57N72,SC1933,SC1933,2,1
14262,Q57PX1,celB,SC1334,11,4
14264,Q57T18,rof,SC0237,11,2
14282,Q57GQ3,dcuA,SC4203,11,5
14290,Q57R23,aroA,SC0932,11,3
14304,Q57J94,mreB,SC3312,11,10
14309,Q57GT3,yjdE,SC4173,11,2
14338,Q57PD6,speG,SC1519,11,5
14344,Q57QT9,pqiB,SC1016,1,3
14349,Q57ME7,yeiB,SC2208,11,1
14367,Q57M76,nrdA,SC2280,11,5
14379,Q57H96,argE,SC4010,11,8
14387,Q57J47,rplF,SC3359,11,4
14390,Q57NA6,znuA,SC1899,11,2
14397,Q57QM8,phoH,SC1077,6,1
14398,Q57HS5,wzxE,SC3831,11,5
14424,Q57SD8,phnV,SC0467,11,3
14429,Q57R42,lrp,SC0913,11,38
14432,Q57IZ7,nirD,SC3409,11,1
14485,Q57QN6,wraB,SC1069,11,1
14492,Q57Q37,oxd6B,SC1268,11,6
14498,Q57R20,rpsA,SC0935,11,4
14500,Q57RB1,yliB,SC0844,11,2
14503,Q57GN0,yjeP,SC4226,10,1
14512,Q57QV8,sodC,SC0997,10,3
14533,Q57HD9,yneB,SC3967,11,3
14548,Q57TG8,surA,SC0087,11,2
14582,Q57R89,grxA,SC0866,11,15
14592,Q57RQ0,nagB,SC0705,11,12
14594,Q57GN7,frdD,SC4219,11,10
14595,Q57PC9,ydfZ,SC1526,11,1
14609,Q57GQ5,dipZ,SC4201,11,6
14627,Q57IM2,yurL,SC3534,9,4
14635,Q57P83,nmpC,SC1572,12,7
14638,Q57HC6,hslU,SC3980,11,3
14639,Q57IE2,SC3614,SC3614,5,1
14662,Q57RV9,rnk,SC0646,11,5
14667,Q57SB7,bolA,SC0488,11,9
14671,Q57N39,fliT,SC1966,11,15
14676,Q57S89,ybaJ,SC0516,11,4
14679,Q57KT2,ygbD,SC2774,11,6
14683,Q57M64,yfaU,SC2292,22,7
14695,Q57KH6,ptpS,SC2880,11,7
14696,Q57JG9,greA,SC3237,11,1
14698,Q57T15,yaeJ,SC0240,11,1
14715,Q57ML5,SC2140,SC2140,1,1
14720,Q57H47,SC4059,SC4059,1,2
14737,Q57K39,cysA,SC3017,1,1
14752,Q57GI6,ytfB,SC4270,8,1
14782,Q57HF9,yiiM,SC3947,10,3
14786,Q57LE6,purG,SC2560,11,4
14800,Q57RG6,hutH,SC0789,11,1
14813,Q57PS4,ydiL,SC1381,8,1
14819,Q57HF2,sbp,SC3954,11,8
14822,Q57I38,SC3718,SC3718,1,1
14826,Q57S12,yfdH,SC0593,5,1
14828,Q57GN5,frdB,SC4221,11,15
14835,Q57HM3,hemG,SC3883,11,7
14856,Q57TI6,SC0069,SC0069,5,1
14863,Q57LC5,tfa,SC2581,36,13
14874,Q57R87,rimK,SC0868,11,2
14876,Q57G36,lplA,SC4420,11,2
14878,Q57GW1,soxR,SC4145,11,4
14881,Q57S04,ykgC,SC0601,1,1
14890,Q57GG5,yjgA,SC4291,11,1
14909,Q57TK2,citD2,SC0053,11,6
14932,Q57N85,flhA,SC1920,22,5
14946,Q5J432,tnpA,SC049,3,1
14947,Q57H27,SC4079,SC4079,1,1
14951,Q57JU7,dkgA,SC3109,21,6
14955,Q57HF4,fieF,SC3952,11,2
14963,Q57RE6,ybhO,SC0809,11,9
14965,Q57QR8,yccA,SC1037,8,3
14967,Q57PN1,SC1424,SC1424,11,3
14984,Q57NN1,prsA,SC1774,11,2
15020,Q57RG2,bioF,SC0793,11,3
15027,Q57L05,fljA,SC2701,1,1
15036,Q57J98,cafA,SC3308,9,1
15039,Q57P28,SC1627,SC1627,10,3
15055,Q57SH7,yaiI,SC0428,10,5
15071,Q57JE3,yrbL,SC3263,11,2
15084,Q57G57,SC4399,SC4399,2,1
15096,Q57JP0,fadH,SC3166,10,7
15110,Q57J85,prmA,SC3321,11,1
15113,Q57TN6,yaiV,SC0019,11,2
15126,Q57J88,accC,SC3318,11,11
15136,Q57SJ6,prpB,SC0409,11,4
15144,Q57IT4,gntK,SC3472,11,12
15153,Q57JV5,exbB,SC3101,11,12
15223,Q57Q89,vhtJ,SC1216,4,2
15227,Q57IN5,yhiP,SC3521,8,1
15238,Q57R54,SC0901,SC0901,1,1
15240,Q57KW2,proW,SC2744,11,4
15245,Q57MT2,phsB,SC2073,11,3
15247,Q57P42,sgcE,SC1613,11,3
15251,Q57T60,stfA,SC0195,9,1
15263,Q57QT4,ycbG,SC1021,11,7
15264,Q57M26,lrhA,SC2330,10,4
15292,Q57SF9,queA,SC0446,11,1
15293,Q57KT7,gutM,SC2769,11,1
15298,Q57MV5,pduE,SC2050,11,9
15345,Q57M87,ada,SC2269,11,10
15358,Q57P20,ydcF,SC1635,10,1
15363,Q57NS7,ompW,SC1728,11,4
15385,Q57RY6,entF,SC0619,11,3
15406,Q57JZ4,ars,SC3062,26,3
15417,Q57M32,nuoF,SC2324,11,17
15428,Q57NU4,topA,SC1711,11,11
15447,Q57TF7,araC,SC0098,11,53
15451,Q57R55,clpA,SC0900,11,9
15469,Q57GV9,yjcD,SC4147,2,1
15476,Q57PX7,astE,SC1328,11,7
15480,Q57GF6,dho,SC4300,22,5
15485,Q57GB9,idnR,SC4337,11,10
15501,Q57K76,lysS,SC2980,11,2
15504,Q57HC7,menA,SC3979,11,2
15506,Q57M17,pta,SC2339,11,7
15520,Q57MR1,manC,SC2094,1,1
15523,Q57KR6,hypD,SC2790,11,5
15525,Q57NT4,trpC,SC1721,11,8
15542,Q57GR8,SC4188,SC4188,13,2
15545,Q57RN1,kdpC,SC0724,11,4
15548,Q57MF2,yeiT,SC2203,11,3
15600,Q57LW5,fadI,SC2391,10,9
15601,Q57NZ2,SC1663,SC1663,2,1
15608,Q57H99,yijO,SC4007,11,3
15610,Q57J48,rplR,SC3358,11,4
15612,Q57G69,SC4387,SC4387,2,1
15613,Q57GU9,nrfB,SC4157,11,8
15615,Q57PI7,pdxY,SC1468,9,3
15624,Q57KF1,yqcC,SC2905,11,1
15629,Q57RU1,lipB,SC0664,11,5
15653,Q57KY8,tctC,SC2718,10,4
15654,Q57J02,fic,SC3404,11,3
15663,Q57LR7,cysM,SC2439,7,20
15679,Q57NK7,fadR,SC1798,11,20
15690,Q57NK5,dsbB,SC1800,11,3
15709,Q57JH7,yhbC,SC3229,11,3
15720,Q57Q42,SC1263,SC1263,2,1
15721,Q57NU0,btuR,SC1715,10,9
15732,Q5J3W9,psiA,SC116,2,1
15734,Q57S64,ybbJ,SC0541,11,1
15790,Q57RT5,mrdA,SC0670,11,3
15828,Q57L28,ffh,SC2678,11,5
15840,Q57M40,nuoN,SC2316,12,16
15852,Q57QT6,fabA,SC1019,11,8
15861,Q57RQ4,asnB,SC0701,10,1
15865,Q57RD0,glnH,SC0825,10,1
15872,Q57RK0,nadA,SC0755,11,4
15881,Q57KB2,mutH,SC2944,11,1
15882,Q57HD0,glpF,SC3976,11,5
15883,Q57SA8,ybaX,SC0497,1,1
15887,Q57LH1,iscA,SC2535,11,1
15899,Q57KA3,lysR,SC2953,11,2
15914,Q57NP5,narX,SC1760,10,1
15919,Q57PA5,hoxQ,SC1550,21,1
15922,Q57JR8,dsbI,SC3138,11,1
15924,Q57R03,ycbB,SC0952,1,1
15941,Q57I24,ibpA,SC3732,11,2
15943,Q57LR6,cysA,SC2440,1,1
15955,Q57HU3,ilvY,SC3813,11,6
15966,Q57PF8,pntA,SC1497,11,5
15972,Q57PU6,btuC,SC1359,11,7
15973,Q57ME3,sdhL,SC2212,10,3
15986,Q57LK9,purN,SC2497,11,9
15989,Q57LZ4,dcdA,SC2362,11,6
16003,Q57NF8,yebV,SC1847,11,6
16013,Q57I79,rmbA,SC3677,11,4
16017,Q57PH0,fumA,SC1485,11,5
16021,Q57N76,motB,SC1929,12,2
16029,Q57QU7,SC1008,SC1008,6,1
16047,Q57L35,tyrA,SC2671,11,8
16048,Q57R29,sopD,SC0926,11,1
16050,Q57I42,deoR,SC3714,11,1
16077,Q57JL8,tdcD,SC3188,11,8
16079,Q57GX2,ssb,SC4134,11,7
16082,Q57H89,yijD,SC4017,11,4
16091,Q57TE0,fruR,SC0115,12,66
16099,P37422,invH,SC2832,11,2
16102,Q57ME9,mglB,SC2206,10,7
16104,Q57LF3,cadB,SC2553,11,3
16115,Q57M51,menE,SC2305,11,2
16117,Q57JA8,argR,SC3298,11,28
16118,Q57H75,secE,SC4031,11,6
16127,Q57H81,murB,SC4025,11,7
16140,Q57JC3,rplM,SC3283,11,6
16157,Q57GZ1,dgkA,SC4115,11,5
16164,H9L4V6,SC2097,SC2097,1,1
16172,Q57JA2,yhcR,SC3304,11,1
16176,Q57HW0,rbsC,SC3796,10,4
16185,Q57S63,ybbK,SC0542,10,1
16196,Q57H26,vph,SC4080,2,1
16200,Q57JT1,parE,SC3125,11,2
16205,Q57TD9,yabB,SC0116,12,4
16206,Q57JH5,argG,SC3231,13,6
16222,Q57JX1,hypA,SC3085,11,2
16271,Q57KQ4,orgA,SC2802,9,3
16285,Q57N20,fliQ,SC1985,11,1
16296,Q57NA3,ruvB,SC1902,11,3
16303,Q57T26,lpxB,SC0229,11,6
16318,Q57ST4,phoE,SC0321,10,2
16319,Q57JS2,ygiE,SC3134,11,6
16322,Q57T65,mrcB,SC0190,11,8
16326,SC1208,SC1208,SC1208,1,1
16338,Q57MY2,erfK,SC2023,11,1
16354,Q57JK6,ptkB,SC3200,19,9
16358,H9L4V9,SC2096,SC2096,1,1
16407,Q57M74,yfaE,SC2282,11,2
16408,Q57KU4,recA,SC2762,12,5
16418,Q57TB2,ppdD,SC0143,11,1
16455,Q57NP4,narL,SC1761,11,73
16471,Q57TD6,ftsI,SC0119,11,16
16497,Q57MB4,rplY,SC2241,11,2
16504,Q57QS8,helD,SC1027,11,1
16512,Q57MQ6,galF,SC2099,10,2
16534,Q57NG7,kdgR,SC1838,11,3
16538,Q57RY4,fepC,SC0621,1,1
16557,Q57RQ2,nagC,SC0703,11,23
16563,Q57ST2,proA,SC0323,11,3
16564,Q57H86,murI,SC4020,11,8
16575,Q57RF4,moaB,SC0801,11,3
16585,Q57NB5,edd,SC1890,11,7
16595,Q57T01,yafD,SC0254,11,1
16599,Q57G18,sthB,SC4438,5,1
16600,Q57HZ7,yidC,SC3759,11,27
16607,Q57T53,hemL,SC0202,11,4
16635,Q57KU6,alaS,SC2760,11,4
16637,Q57MD5,fruA,SC2220,11,6
16661,Q57MW2,cbiA,SC2043,9,1
16662,Q57MT3,SC2072,SC2072,11,3
16682,Q57M50,menC,SC2306,11,3
16688,Q57GP9,yjeH,SC4207,10,1
16691,Q57TQ3,thrA,SC0002,11,4
16704,Q57JL2,garK,SC3194,17,8
16707,Q57R90,ybjM,SC0865,11,3
16709,Q57HA9,metF,SC3997,11,3
16721,Q57NL4,ycgR,SC1791,10,1
16725,Q57JH4,secG,SC3232,11,5
16731,Q57MA1,ccmE,SC2255,21,3
16744,Q57KB5,lgt,SC2941,11,5
16745,Q57S61,ybbM,SC0544,10,1
16746,Q57SJ2,hemB,SC0413,11,2
16751,Q57LZ7,rocE,SC2359,10,2
16759,Q57KM3,SC2833,SC2833,9,1
16776,Q57GS1,SC4185,SC4185,11,11
16798,Q57S65,cueR,SC0540,11,82
16812,Q57Q05,yeaE,SC1300,11,5
16817,Q57SG2,malZ,SC0443,19,9
16818,Q57NR5,oppC,SC1740,10,3
16827,Q57I16,torA,SC3740,11,6
16873,Q57T64,fhuA,SC0191,18,6
16874,Q57PB5,ydeA,SC1540,11,2
16878,Q57M06,yfcG,SC2350,11,1
16889,Q57RI3,galK,SC0772,11,15
16909,Q57SH8,proC,SC0427,11,2
16911,Q57HS2,wecG,SC3834,11,4
16943,Q57T21,ldcC,SC0234,11,6
16944,Q57KQ6,SC2800,SC2800,9,3
16951,Q57QC7,pepT,SC1178,11,3
16967,Q57RL6,sdhB,SC0739,11,12
16969,Q57NV0,pgpB,SC1705,11,13
16970,Q57RQ1,nagA,SC0704,11,13
16978,Q57Q35,oxd6D,SC1270,1,2
16991,Q57M21,yfbT,SC2335,11,1
17002,Q57LX4,yfcL,SC2382,11,2
17003,Q57Q98,SC1207,SC1207,1,1
17009,Q57QI5,flgA,SC1120,11,1
17020,Q57PN6,sseB,SC1419,12,2
17021,Q57MW0,pduF,SC2045,10,6
17029,Q57QG0,fabF,SC1145,11,10
17041,Q57MM5,yegN,SC2130,11,3
17051,Q5J422,SC059,SC059,2,1
17057,Q57LM8,dapE,SC2478,11,3
17073,Q57QB7,ymfC,SC1188,11,2
17082,Q57HA0,frwD,SC4006,7,2
17107,Q57P50,tehB,SC1605,11,1
17123,Q57NN6,hemK,SC1769,11,2
17144,Q57MX2,cbiK,SC2033,10,3
17146,Q57S00,pheP,SC0605,11,9
17177,Q57IK7,yhjK,SC3549,11,1
17186,Q57J08,prkB,SC3398,10,1
17192,Q57HV1,yifE,SC3805,11,5
17218,Q57RZ0,entD,SC0615,6,1
17222,Q57TF5,thiQ,SC0100,1,1
17235,Q57GM8,yjeQ,SC4228,10,2
17237,Q57JE0,arcB,SC3266,11,5
17244,Q57KG5,stfD,SC2891,29,1
17261,Q57HQ0,pldA,SC3856,11,17
17266,Q57JM2,yhaN,SC3184,11,1
17284,Q57PG7,rstB,SC1488,10,1
17291,Q57K77,idi,SC2979,11,4
17292,Q57QT2,sulA,SC1023,11,4
17295,Q57I41,ilvN,SC3715,11,6
17300,Q57KI5,ygcH,SC2871,3,3
17301,Q57JI2,rpsO,SC3224,11,4
17303,Q57Q94,SC1211,SC1211,2,1
17307,Q57LP6,eutN,SC2460,19,10
17310,Q57GR5,hilD,SC4191,12,4
17324,Q57M49,menB,SC2307,11,2
17332,Q57NQ9,hns,SC1746,11,6
17347,Q57RU7,cspE,SC0658,11,6
17348,Q57SH3,yaiE,SC0432,11,4
17356,Q57MZ2,SC2013,SC2013,1,1
17366,Q57JE6,ptsN,SC3260,11,4
17372,Q57KF2,yqcB,SC2904,11,1
17380,Q57IU2,glgP,SC3464,11,5
17386,Q57Q88,vgpW,SC1217,5,2
17402,Q57J38,rpsC,SC3368,11,8
17407,Q57HZ6,trmE,SC3760,11,2
17410,Q57M00,argT,SC2356,11,6
17421,Q57H40,iclR,SC4066,11,7
17423,Q57NR3,oppA,SC1742,13,5
17428,Q57Q54,envF,SC1251,6,1
17430,Q57NM7,ychF,SC1778,11,1
17432,Q57QT7,rmf,SC1018,7,2
17438,Q57P88,sfcA,SC1567,11,3
17439,Q57LF6,SC2550,SC2550,1,1
17448,Q57RZ9,ybdG,SC0606,2,1
17449,Q57HV9,rbsB,SC3797,11,12
17458,Q57KR9,hypA,SC2787,11,7
17467,Q57S58,tesA,SC0547,11,10
17484,Q57PY9,ansA,SC1316,11,2
17494,Q57IW1,malQ,SC3445,11,8
17496,Q57M04,hisP,SC2352,1,1
17507,Q57K73,dsbC,SC2983,11,4
17527,Q57T94,kdgT,SC0161,12,4
17531,Q57JU0,sufI,SC3116,11,1
17564,Q57SK9,hmb,SC0396,9,2
17580,Q57IE1,dspP,SC3615,10,2
17584,Q57QU5,pepN,SC1010,11,10
17585,Q57TQ1,thrC,SC0004,11,4
17590,Q57H34,yjbC,SC4072,10,1
17595,Q57NM0,hyaE,SC1785,6,4
17607,Q57QJ3,yceB,SC1112,8,1
17618,Q57QX2,regQ,SC0983,5,2
17625,Q57NK9,dadA,SC1796,10,3
17639,Q57IU0,glgC,SC3466,10,3
17650,Q57KY1,gabP,SC2725,11,3
17654,Q57S90,hha,SC0515,11,5
17655,Q57KD5,ygdD,SC2921,11,1
17666,Q57N79,cheM,SC1926,18,8
17683,Q57JT3,mdaB,SC3123,10,1
17691,Q57JW4,SC3092,SC3092,5,1
17707,Q57PD0,ydfI,SC1525,11,1
17712,Q57J24,rpsL,SC3382,11,7
17715,Q57J64,def,SC3342,11,3
17733,Q57R22,ycaL,SC0933,11,2
17750,Q57H90,yijC,SC4016,7,4
17766,Q57HP3,metR,SC3863,11,21
17776,Q57J89,accB,SC3317,11,8
17799,Q57H12,SC4094,SC4094,2,1
17823,Q57MR5,udg,SC2090,11,3
17832,Q57K35,yhcH,SC3021,8,1
17850,Q57IW0,malP,SC3446,11,7
17855,Q57IG1,xylB,SC3595,11,4
17866,Q57HG4,yiiY,SC3942,9,1
17868,Q57SN0,ledS,SC0375,9,5
17885,Q57PV2,infC,SC1353,13,4
17889,Q57K26,metK,SC3030,11,8
17897,Q57JX2,hybG,SC3084,11,6
17898,Q57NB9,yebF,SC1886,11,2
17912,Q57RP3,nacR,SC0712,11,8
17924,Q57G74,yjiA,SC4382,11,3
17959,Q57PN7,sseA,SC1418,7,3
17985,Q57MJ9,fbaB,SC2156,7,2
17999,Q57IT9,glgX,SC3467,11,13
18022,Q57T89,speE,SC0166,11,5
18029,Q57LQ7,amiA,SC2449,11,4
18032,Q57LF5,hmpA,SC2551,11,3
18065,Q57PC8,ydfH,SC1527,11,1
18076,Q57RP7,ybfM,SC0708,10,1
18098,Q57IR6,livG,SC3490,1,1
18122,Q57IU9,glpD,SC3457,11,5
18135,Q57P18,acpD,SC1637,11,1
18151,Q57PT6,ydiD,SC1369,19,12
18152,Q57KJ2,ygbE,SC2864,7,1
18154,Q57NJ7,minD,SC1808,11,4
18166,Q57QD4,cobB,SC1171,11,9
18167,Q57I09,dgoK,SC3747,8,1
18173,Q57H37,pepE,SC4069,8,1
18183,Q57TL9,SC0036,SC0036,14,3
18186,Q57MS2,SC2083,SC2083,11,2
18194,Q57MR2,manB,SC2093,1,1
18203,Q57K52,rpiA,SC3004,5,1
18206,Q57JR9,dsbA,SC3137,11,1
18209,Q57NB4,zwf,SC1891,11,4
18228,Q57LD1,era,SC2575,11,5
18264,Q57MS5,yeeZ,SC2080,11,1
18294,Q57SC2,cyoC,SC0483,11,11
18300,Q57JK8,gatZ,SC3198,10,5
18331,Q57KY4,ygaF,SC2722,10,2
18336,Q57KY2,gabT,SC2724,9,4
18342,Q57IV9,malT,SC3447,11,19
18363,Q57JV1,metC,SC3105,11,3
18375,Q57M24,yfbQ,SC2332,10,1
18377,Q57HM9,fre,SC3877,11,7
18378,Q57MJ3,thiM,SC2162,11,3
18386,Q57JK3,gadR,SC3203,7,1
18411,Q57KQ8,sprB,SC2798,11,11
18415,Q57NP8,narH,SC1757,11,15
18423,Q57MM3,baeS,SC2132,11,2
18424,Q57IE5,mtlR,SC3611,10,3
18439,Q57HY9,phoU,SC3767,9,1
18450,Q5J421,paa4,SC060,2,1
18466,Q57QX7,dinI,SC0978,4,1
18501,Q57JL7,tdcC,SC3189,10,4
18522,Q57N19,fliR,SC1986,11,4
18525,Q57IA1,slmA,SC3655,11,1
18535,Q57P34,trg,SC1621,9,3
18579,Q57RI2,galT,SC0773,11,8
18581,Q57SF1,tsx,SC0454,11,7
18584,Q57SA5,SC0500,SC0500,7,3
18586,Q57R07,ycbC,SC0948,11,4
18602,Q57K36,speB,SC3020,11,6
18609,Q57G43,yjjW,SC4413,11,21
18610,Q57SG7,phoB,SC0438,11,27
18622,Q57TD8,mraW,SC0117,12,3
18623,Q57NQ0,narI,SC1755,11,11
18624,Q57QX6,SC0979,SC0979,8,2
18636,Q57JF2,yrbI,SC3254,11,2
18651,Q57LG3,asrB,SC2543,11,2
18654,Q57SD7,phnU,SC0468,10,3
18675,Q57H65,thiH,SC4041,11,7
18682,Q57IR3,yhhK,SC3493,1,1
18701,Q57GJ5,sgaU,SC4261,11,6
18705,Q57HR1,yifL,SC3845,11,1
18712,Q57MA0,ccmD,SC2256,21,2
18715,Q57MS3,hisD,SC2082,11,4
18737,Q57JL5,tdcA,SC3191,11,4
18745,Q57KU1,srlA,SC2765,11,6
18751,Q57NY4,yjgC,SC1671,20,1
18760,Q57NQ6,ychK,SC1749,10,1
18782,Q57ID9,lldR,SC3617,11,6
18792,Q57JI7,SC3219,SC3219,7,1
18796,Q57ID1,grxC,SC3625,11,9
18829,Q57ML3,yibG,SC2142,1,1
18841,Q57G52,yjjZ,SC4404,11,1
18883,Q57N06,cspB,SC1999,1,1
18895,Q57J03,pabA,SC3403,11,7
18945,Q57M70,glpT,SC2286,11,5
18950,Q57GI8,rplI,SC4268,11,5
18951,Q57S80,dnaX,SC0525,1,1
18958,Q57NI7,pabB,SC1818,11,4
18974,Q57MH3,bglX,SC2182,11,2
18984,Q57Q86,hdpD,SC1219,4,2
19003,Q57S41,glxK,SC0564,11,2
19007,Q57KT3,norV,SC2773,11,6
19010,Q57MG1,fst,SC2194,11,2
19039,Q57M88,alkB,SC2268,11,1
19057,Q57KH2,ygcF,SC2884,11,1
19067,Q57NL3,emtA,SC1792,7,7
19070,Q57TN4,bcfB,SC0021,21,1
19080,Q57GT0,melR,SC4176,11,7
19092,Q57HW5,yieM,SC3791,11,2
19107,Q57H88,trmA,SC4018,11,2
19113,Q57Q50,pagD,SC1255,5,3
19120,Q57TP7,mogA,SC0008,12,5
19125,P06176,fliC,SC1962,16,1
19136,Q57RD8,rhlE,SC0817,11,1
19137,Q57QG4,fabH,SC1141,11,7
19160,Q57N18,rcsA,SC1987,11,1
19163,Q57RB3,ybiK,SC0842,11,2
19173,Q57GE8,SC4308,SC4308,10,1
19175,Q57GK1,yjfQ,SC4255,11,8
19179,Q57LU0,gltX,SC2416,11,2
19194,Q57JT0,yqiA,SC3126,11,2
19203,Q57HJ9,ompL,SC3907,11,1
19218,Q57SX9,SC0276,SC0276,2,1
19229,Q57IF2,aldB,SC3604,11,5
19248,Q57L40,yfiO,SC2666,11,5
19250,Q57LV5,yfdY,SC2401,11,1
19254,Q57NZ9,fnr,SC1656,13,130
19285,Q57RM6,ybgH,SC0729,11,1
19289,Q57LF8,hcaT,SC2548,11,1
19307,Q57G41,deoC,SC4415,11,9
19313,Q57LX3,yfcM,SC2383,10,3
19323,Q57LM2,dapA,SC2484,11,4
19344,Q57RX0,ybdM,SC0635,11,21
19350,Q57GN6,frdC,SC4220,11,10
19358,Q57GV3,yjcH,SC4153,10,1
19408,Q57MV4,pduG,SC2051,10,8
19413,Q57NI0,manY,SC1825,11,13
19427,Q57LM0,bcp,SC2486,11,3
19433,Q57GP3,efp,SC4213,11,2
19434,Q57S24,folD,SC0581,11,8
19441,Q57G40,deoA,SC4416,11,7
19461,Q57RB8,ybiV(1),SC0837,11,1
19466,Q57TG0,araD,SC0095,11,3
19471,Q57NJ1,yeaZ,SC1814,11,4
19485,Q57PX0,celC,SC1335,7,4
19486,Q57MH2,dld,SC2183,11,4
19514,Q57NN7,sirC,SC1768,11,1
19526,Q57G91,pnl,SC4365,10,3
19531,Q57NB1,pykA,SC1894,11,5
19563,Q57IC4,kbl,SC3632,11,1
19624,Q57QM5,yjhT,SC1080,8,3
19634,Q57N37,yedD,SC1968,11,2
19635,Q57JW6,hybA,SC3090,11,2
19643,Q57R85,potF,SC0870,11,6
19651,Q57IZ3,trpS,SC3413,11,5
19666,Q57GD1,yjgD,SC4325,11,2
19677,Q57PG0,ydgI,SC1495,2,1
19700,Q57G54,fhuF,SC4402,11,13
19726,Q57RV4,citE,SC0651,11,13
19737,Q57L49,pssA,SC2657,11,3
19750,Q57T04,dkgB,SC0251,11,8
19751,Q57TB1,nadC,SC0144,11,5
19752,Q57RK7,ybgC,SC0748,11,4
19761,Q57I80,tnpA,SC3676,3,1
19794,Q57JM4,yhaK,SC3182,10,2
19795,Q57PM3,ssaK,SC1432,10,1
19799,Q57HH2,adh2,SC3934,21,9
19800,Q57LP7,eutE,SC2459,11,1
19810,Q57KE4,fucO,SC2912,21,9
19812,Q57GL8,hflX,SC4238,11,1
19844,Q57HS6,wecE,SC3830,11,2
19850,Q57S03,ykgI,SC0602,1,1
19869,Q57MW9,cbiG,SC2036,11,2
19886,Q57SG8,sbcD,SC0437,11,4
19910,Q57LJ0,engA,SC2516,7,1
19916,Q57P00,ogt,SC1655,11,2
19935,Q57RC7,ybiF,SC0828,12,2
19936,Q57TB3,hofB,SC0142,10,1
19986,Q57NX6,pspE,SC1679,11,3
19999,Q57HA2,frwB,SC4004,7,2
20015,Q57P24,SC1631,SC1631,10,1
20080,Q57JG1,murA,SC3245,11,8
20097,Q57H59,nudC,SC4047,11,5
20106,Q5J3W7,SC118,SC118,2,1
20110,Q57MH0,yohC,SC2185,8,1
20125,Q57PU0,ydiE,SC1365,10,4
20136,Q57JS6,tolC,SC3130,15,10
20158,Q57PT8,ydiA,SC1367,11,3
20164,Q57RM3,ybgK,SC0732,7,1
20168,Q57L85,SC0980,SC0980,4,2
20178,Q57PK2,rnt,SC1453,11,1
20202,Q57P39,gox,SC1616,7,5
20209,Q57KA8,ygeD,SC2948,11,5
20213,Q57TF1,leuD,SC0104,1,3
20240,Q57PR3,sufD,SC1392,10,7
20262,Q57H63,thiF,SC4043,11,8
20271,Q57N05,umuC,SC2000,7,1
20275,Q57M07,yfcF,SC2349,11,1
20282,Q57RI4,galM,SC0771,11,6
20325,Q57GE5,treR,SC4311,11,2
20329,Q57SJ8,yahO,SC0407,10,1
20335,Q57TD2,murD,SC0123,11,9
20376,Q57PA9,SC1546,SC1546,1,1
20382,Q57JI0,rbfA,SC3226,11,1
20390,Q57NY0,tpx,SC1675,11,7
20394,Q57RE0,ybhG,SC0815,8,1
20399,Q57IX5,yhgE,SC3431,10,1
20402,Q57K61,gcvH,SC2995,11,11
20406,Q57HX5,atpF,SC3781,11,9
20407,Q57R01,ycbL,SC0954,11,1
20411,Q57S16,fimY,SC0589,11,1
20420,Q57G94,uxuR,SC4362,11,3
20448,Q57PP3,ssrB,SC1412,11,185
20461,Q57K15,yggT,SC3041,11,2
20465,Q57NS3,yciA,SC1732,10,2
20467,Q9ZFF8,secD,SC0449,11,2
20484,Q57KS5,hycF,SC2781,11,12
20494,Q57TJ1,caiD,SC0064,11,5
20502,Q57SV9,ybeJ,SC0296,10,2
20504,Q57MW4,cbiC,SC2041,9,2
20506,Q57RV5,citF,SC0650,11,9
20510,Q57H87,btuB,SC4019,11,5
20517,Q57S67,ybaP,SC0538,1,2
20525,Q57N28,fliI,SC1977,12,19
20527,Q57SM0,SC0385,SC0385,3,1
20544,Q57PT2,ydiQ,SC1373,8,2
20579,Q57IQ1,zntA,SC3505,11,2
20587,Q57PV1,rpmI,SC1354,11,6
20592,Q57K04,yggX,SC3052,11,1
20593,Q57S06,cusS,SC0599,1,1
20595,Q57S48,allR,SC0557,11,7
20626,Q57LR4,cysU,SC2442,11,8
20678,Q57RB7,pflF,SC0838,11,5
20698,Q57HU9,ilvM,SC3807,11,7
20699,Q57QA0,ydfU,SC1205,7,3
20700,Q57LP4,eutD,SC2462,11,3
20726,Q57GD7,otcC,SC4319,11,6
20728,Q57SA4,ybaO,SC0501,10,1
20732,Q57HV6,yieO,SC3800,17,3
20747,Q57GP4,yjeK,SC4212,11,12
20754,Q57PG2,rstA,SC1493,11,27
20767,Q57NQ8,galU,SC1747,10,2
20786,Q57NY5,SC1670,SC1670,21,5
20790,Q57IH5,cspA,SC3581,11,4
20792,Q57GK4,yjfN,SC4252,11,5
20809,Q5J471,tnpA,SC010,1,1
20827,Q57NQ4,purU,SC1751,11,2
20829,Q57J92,yhdH,SC3314,11,1
20861,Q57N02,yeeI,SC2003,11,5
20869,Q57SG4,brnQ,SC0441,11,2
20871,Q57RJ6,aroG,SC0759,11,5
20884,Q57N71,yecG,SC1934,10,7
20885,Q57JD5,codB,SC3271,11,4
20902,Q57N86,flhE,SC1919,11,3
20907,Q57M57,yfbE,SC2299,12,3
20945,Q57P57,ugtL,SC1598,10,2
20954,Q57TC9,murC,SC0126,11,5
20956,Q57TL4,lspA,SC0041,11,2
20966,Q57QC0,mnmA,SC1185,11,2
20967,Q57NQ7,hnr,SC1748,11,2
20971,Q57GD6,arcC,SC4320,11,1
20974,Q57MU6,pduP,SC2059,11,4
20976,Q57HR7,hemC,SC3839,11,2
20980,Q57GY6,zur,SC4120,11,6
20986,Q57MH4,yehZ,SC2181,11,2
20990,Q57NG0,yebT,SC1845,10,1
20991,Q57QE1,ycfR,SC1164,11,1
21001,Q57Q83,mcpF,SC1222,4,2
21003,Q57R66,ltaA,SC0889,11,6
21004,Q57H45,metA,SC4061,11,4
21025,Q57MF1,yeiA,SC2204,10,3
21034,Q57RG5,ybhB,SC0790,11,1
21035,Q57NB7,purT,SC1888,11,10
21062,Q57SE6,nusB,SC0459,11,1
21067,Q57K03,mltC,SC3053,11,4
21072,Q57LI6,ispG,SC2520,11,2
21081,Q57IW7,yhgG,SC3439,11,6
21093,Q57S20,fimD,SC0585,20,1
21100,Q57LX0,aroC,SC2386,11,11
21101,Q57GD2,argI,SC4324,11,7
21107,Q57S33,purK,SC0572,11,5
21114,Q57T88,yacC,SC0167,11,2
21143,Q57L62,rseA,SC2644,11,7
21144,Q57SN1,ledL,SC0374,8,5
21198,Q57RC1,ybiS,SC0834,11,6
21202,Q57QF1,fhuE,SC1154,9,4
21204,Q57J49,rpsE,SC3357,11,8
21211,Q57J19,fkpA,SC3387,11,1
21218,Q57TJ5,carA,SC0060,11,5
21221,Q57J51,rplO,SC3355,11,5
21247,Q57R28,pflB,SC0927,11,14
21250,Q57ND6,SC1869,SC1869,2,1
21252,Q57K45,pgk,SC3011,11,4
21253,Q57RY7,ybdZ,SC0618,11,1
21254,Q57H71,rplJ,SC4035,11,3
21255,Q57HY7,pstA,SC3769,11,3
21265,Q57J56,rpoA,SC3350,11,13
21281,Q57T78,stiA,SC0177,8,2
21282,Q57MJ2,yohN,SC2163,11,4
21306,Q57RC9,dps,SC0826,11,6
21312,Q57KA6,galR,SC2950,11,13
21322,Q57J86,panF,SC3320,11,2
21339,Q57SM8,deh,SC0377,8,2
21349,Q57KM2,SC2834,SC2834,11,1
21361,Q57IZ6,nirC,SC3410,11,7
21362,Q57G38,deoD,SC4418,11,21
21366,Q57QS7,mgsA,SC1028,11,7
21367,Q57I01,dnaN,SC3755,11,10
21373,Q57IE0,lldP,SC3616,10,7
21376,Q57GS5,dcuR,SC4181,11,10
21378,Q57M33,nuoG,SC2323,13,22
21385,Q57T92,pdxA,SC0163,12,4
21386,Q57NN3,lolB,SC1772,11,1
21396,Q57GZ8,malE,SC4108,11,17
21405,Q57IE3,yibL,SC3613,11,1
21453,Q57KB6,thyA,SC2940,11,6
21461,Q57MD2,setB,SC2223,7,1
21463,Q57HG2,SC3944,SC3944,29,4
21473,Q57S43,allB,SC0562,22,5
21475,Q57HB4,metL,SC3992,11,6
21482,Q57T13,yaeB,SC0242,11,1
21494,Q57R31,pflA,SC0924,11,8
21496,Q57LI3,ndk,SC2523,11,11
21501,Q57GA3,SC4353,SC4353,1,1
21503,Q57MM2,baeR,SC2133,11,10
21504,Q57L02,iroB,SC2704,11,1
21519,Q57K25,galP,SC3031,11,6
21524,Q57K30,speA,SC3026,11,6
21528,Q57KE3,fucA,SC2913,11,4
21530,Q57NE0,SC1865,SC1865,10,1
21534,Q57N68,araH,SC1937,7,1
21556,Q57T79,stiB,SC0176,18,2
21577,Q57HP8,rhtC,SC3858,10,1
21582,Q57K99,kduI,SC2957,11,1
21589,Q57G27,yjjX,SC4429,10,1
21590,Q57MW7,cbiT,SC2038,11,2
21592,Q57PC7,ydfG,SC1528,11,1
21623,Q57RT0,nadD,SC0675,11,7
21624,Q57QK3,htrB,SC1102,11,2
21627,Q57HL8,yihD,SC3888,11,3
21636,Q57JH0,yhbY,SC3236,11,2
21688,Q57GJ4,sgaE,SC4262,11,4
21695,Q57MG3,nhg,SC2192,11,1
21711,Q57HD1,glpK,SC3975,11,6
21734,Q57PU4,btuD,SC1361,1,2
21735,Q57RM9,kdpA,SC0726,11,3
21737,Q57MY7,SC2018,SC2018,10,2
21781,Q57H28,SC4078,SC4078,1,1
21791,Q57NY2,ycjI,SC1673,11,3
21798,Q57PD9,ynfE,SC1516,20,16
21807,Q57JD3,yhcH,SC3273,11,1
21825,Q57JH8,nusA,SC3228,11,5
21855,Q57QA5,SC1200,SC1200,1,1
21875,Q57IR7,livF,SC3489,1,1
21877,Q57JH1,rrmJ,SC3235,11,1
21879,Q57IA8,coaD,SC3648,11,4
21881,Q57SA3,mdlA,SC0502,1,1
21907,Q57Q39,SC1266,SC1266,8,2
21932,Q57KV3,gshA,SC2753,11,1
21935,Q57RT1,cobD,SC0674,10,2
21942,Q57NG9,yobG,SC1836,10,1
21962,Q57IC3,rfaD,SC3633,11,5
21963,Q57S74,hemH,SC0531,11,3
21965,Q57QI9,yceH,SC1116,10,3
21971,Q57SW8,SC0287,SC0287,2,1
21989,Q57S17,fimZ,SC0588,11,29
21991,Q5J3W6,ykfF,SC119,2,1
21997,Q57KC8,mltA,SC2928,7,4
22012,Q57TK9,citB,SC0046,21,3
22032,Q57MK0,yegS,SC2155,9,3
22047,Q57IS1,ugpA,SC3485,11,5
22061,Q57L04,hin,SC2702,13,1
22074,Q57TP8,talB,SC0007,11,8
22076,Q57JQ0,rpsU,SC3156,11,6
22090,Q57NU7,SC1708,SC1708,5,1
22119,Q57N55,sirA,SC1950,11,1
22123,Q57NS2,tonB,SC1733,11,17
22137,Q57GH2,ytfM,SC4284,8,1
22140,Q57N22,fliO,SC1983,11,1
22152,Q57PY6,selD,SC1319,11,3
22168,Q57S62,ybbL,SC0543,1,1
22171,Q57K44,epd,SC3012,11,4
22176,Q57IF9,xylR,SC3597,11,6
22184,Q57MI4,yehR,SC2171,11,4
22201,Q57HK9,glnG,SC3897,11,1
22209,Q57MG2,maaI,SC2193,11,2
22217,Q57QH5,flgK,SC1130,10,5
22220,Q57Q87,vg05,SC1218,4,2
22237,Q57MP7,wcaI,SC2108,10,1
22242,Q57RG1,bioC,SC0794,11,6
22253,Q57HF1,ushB,SC3955,7,9
22256,Q57Q65,SC1240,SC1240,1,2
22257,Q57PN0,sseF,SC1425,2,2
22272,Q57PF9,ydgH,SC1496,11,3
22283,Q57M02,hisQ,SC2354,11,9
22305,Q57M59,yfaO,SC2297,11,5
22310,Q57RL9,gltA,SC0736,10,5
22319,Q57S84,ybaM,SC0521,11,1
22327,Q57MI1,yehT,SC2174,11,2
22349,Q57QR1,pipD,SC1044,10,1
22355,Q57Q01,yeaA,SC1304,11,4
22356,Q57L53,yfiF,SC2653,1,1
22372,Q57PK5,sodB,SC1450,11,2
22387,Q57PC0,ydeD,SC1535,10,2
22416,Q57G73,yjiX,SC4383,11,1
22418,Q57GU7,nrfD,SC4159,11,8
22440,Q57RM1,nei,SC0734,11,1
22450,Q57S78,recR,SC0527,1,1
22469,Q57K55,ygfE,SC3001,11,2
22472,Q57KD9,fucK,SC2917,11,3
22479,P17449,spvA,SCV03,4,1
22488,Q57JD4,codA,SC3272,11,6
22490,Q57KA5,SC2951,SC2951,11,19
22494,Q57QD2,potC,SC1173,11,5
22509,Q57QE9,ycfL,SC1156,11,1
22512,Q57M09,yfcD,SC2347,11,1
22523,Q57TL2,ispH,SC0043,12,7
22525,Q57K43,SC3013,SC3013,11,1
22539,Q57HT1,wecB,SC3825,11,6
22569,Q57HG3,ygiK,SC3943,29,4
22573,Q57HW2,rbsD,SC3794,11,4
22576,Q57NM5,SC1780,SC1780,1,1
22583,Q57L64,rseC,SC2642,11,2
22615,Q57MY1,cobT,SC2024,11,5
22630,Q57H36,SC4070,SC4070,7,1
22653,Q57QL0,ymdC,SC1095,11,1
22716,Q57S66,copA,SC0539,11,3
22722,Q57GH5,ytfK,SC4281,11,2
22725,Q57J34,rplW,SC3372,11,6
22727,Q57GJ9,ulaA,SC4257,12,8
22730,Q57LG9,nifS,SC2537,11,8
22741,Q57KU5,recX,SC2761,11,1
22743,Q57L86,ninG,SC0981,7,2
22759,Q57RR2,gltI,SC0693,10,2
22761,Q57T35,dxr,SC0220,11,4
22786,Q57QU3,ycbW,SC1012,11,13
22798,Q57SH6,aroL,SC0429,11,7
22807,Q57IF3,yisR,SC3603,10,1
22810,Q57QA1,SC1204,SC1204,2,2
22813,Q57PK3,ydhD,SC1452,11,9
22832,Q57T49,btuF,SC0206,11,5
22884,Q57KA1,araE,SC2955,11,5
22891,Q57JV6,exbD,SC3100,11,11
22906,Q57NX3,pspB,SC1682,11,2
22935,Q57TM3,aslB,SC0032,2,1
22976,Q57LZ6,SC2360,SC2360,11,2
22980,Q57L65,int,SC2641,21,1
22989,Q57RL3,sucC,SC0742,11,4
22990,Q57Q24,yeaR,SC1281,21,1
22998,Q57KP2,sipA,SC2814,8,1
23001,Q57KS3,hycD,SC2783,11,11
23007,Q57RK1,ybgF,SC0754,10,1
23009,Q57KR8,hypB,SC2788,11,6
23036,Q57K69,ygfY,SC2987,11,2
23040,Q57RN7,pgm,SC0718,11,4
23044,Q57LL0,purM,SC2496,13,6
23055,Q57NN2,ipk,SC1773,11,2
23057,Q57PG5,ompN,SC1490,11,2
23061,Q57N80,cheR,SC1925,11,10
23073,Q57JF7,yrbD,SC3249,11,1
23089,Q57L54,ung,SC2652,11,5
23097,Q57MU8,pduN,SC2057,19,10
23139,Q57MM7,yegD,SC2128,10,1
23149,Q57NY6,yjgI,SC1669,11,1
23154,Q57GQ9,phoN,SC4197,11,1
23160,Q57M14,tktN,SC2342,11,5
23162,Q57TE9,leuD,SC0106,12,8
23199,Q57GP5,yjeJ,SC4211,10,2
23210,Q57QM3,yjhC,SC1082,12,4
23212,Q57JC0,degQ,SC3286,11,1
23218,Q57TC6,ftsA,SC0129,11,11
23225,Q57KT0,hydN,SC2776,11,8
23233,Q57KW7,nrdH,SC2739,11,3
23238,Q57PV4,nucA,SC1351,1,2
23243,Q57SQ8,SC0347,SC0347,3,2
23262,Q57HM4,yigZ,SC3882,10,1
23280,Q57H14,vts,SC4092,4,1
23282,Q57SA1,SC0504,SC0504,4,1
23301,Q57NA2,ruvA,SC1903,11,2
23302,Q57IE4,SC3612,SC3612,11,5
23319,Q57N61,yecA,SC1944,1,1
23335,Q57M46,menF,SC2310,11,5
23337,Q57MN2,dcd,SC2123,11,2
23339,Q57J84,yhdG,SC3322,11,2
23346,Q57KQ5,orgB,SC2801,11,12
23356,Q57N34,SC1971,SC1971,6,1
23395,Q57LW6,fadJ,SC2390,11,7
23401,Q57NA7,yebA,SC1898,5,1
23410,Q57TB4,hofC,SC0141,11,1
23431,Q57H44,aceB,SC4062,10,3
23434,Q57I71,mgtC,SC3685,11,4
23461,Q57TP3,dnaK,SC0012,11,11
23492,Q57KE7,sdaC,SC2909,10,2
23510,Q57KF5,gudT,SC2901,19,3
23542,Q57KT4,ygaA,SC2772,10,6
23543,Q57LZ2,purF,SC2364,11,2
23562,Q57QM4,yiiy,SC1081,10,1
23589,Q57QX0,SC0985,SC0985,3,1
23596,Q57KK0,rpoS,SC2856,9,2
23640,Q57KX3,ygaW,SC2733,5,2
23643,Q57MX6,cboQ,SC2029,11,2
23650,Q57GR4,SC4192,SC4192,2,1
23652,Q57G53,yhcK,SC4403,11,2
23657,Q57Q07,mipA,SC1298,10,3
23662,Q57IM3,dcuB,SC3533,9,4
23694,Q57T75,panD,SC0180,11,3
23700,Q57I13,torS,SC3743,20,4
23710,Q57HW6,asnA,SC3790,10,1
23717,Q57M38,nuoL,SC2318,11,16
23741,Q57P92,hdeB,SC1563,11,3
23749,Q57IM0,yurK,SC3536,11,3
23756,Q57M47,menD,SC2309,11,6
23772,Q57QB6,icdA,SC1189,11,9
23778,Q57H23,vbp,SC4083,1,1
23784,P17450,spvB,SCV04,3,1
23818,Q57GH1,ytfN,SC4285,8,1
23828,Q57QT3,ompA,SC1022,11,5
23830,Q57RG9,hutG,SC0786,11,1
23834,Q57GL9,hfq,SC4237,11,3
23835,Q57J69,aroE,SC3337,11,7
23896,Q57KS7,hycH,SC2779,11,2
23903,Q57JF1,yrbK,SC3255,11,1
23905,Q57GL0,yjfI,SC4246,11,2
23910,Q57T37,pyrH,SC0218,11,3
23912,Q57NK4,yeaR,SC1801,21,1
23925,Q57LS5,crr,SC2431,11,26
23952,Q57L20,yfjF,SC2686,11,1
23968,Q57PC3,ydeJ,SC1532,11,1
23979,Q57QG6,rpmF,SC1139,7,4
23984,Q57H57,nfi,SC4049,11,1
23986,Q57KS8,hycI,SC2778,11,2
24016,Q57JB6,oadA,SC0765,19,4
24019,Q57M75,nrdB,SC2281,11,6
24030,Q57QF2,ptsG,SC1153,11,16
24034,Q57KJ5,ispF,SC2861,11,3
24036,Q57JB9,degS,SC3287,11,2
24044,Q57MM4,yegO,SC2131,11,3
24050,Q57JM1,yhaO,SC3185,9,1
24062,Q57J83,fis,SC3323,11,180
24067,Q57R82,potI,SC0873,11,6
24099,Q57LQ9,yfeZ,SC2447,11,1
24104,Q57MR0,SC2095,SC2095,1,1
24107,Q57KD6,ygdE,SC2920,11,1
24117,Q5J3Z2,ampC,SC090,2,1
24135,Q57QR0,copS,SC1045,10,1
24143,Q57IX4,pckA,SC3432,8,1
24163,Q57MI5,metG,SC2170,11,4
24192,Q57QI1,flgE,SC1124,16,3
24198,Q57HN6,ubiB,SC3870,11,3
24205,Q57N11,vsr,SC1994,11,2
24208,Q57NC4,holE,SC1881,11,1
24210,Q57KR2,sitA,SC2794,11,4
24223,Q57S31,lpxH,SC0574,11,3
24226,Q57KX4,stpA,SC2732,10,5
24241,Q57RH1,ybhC,SC0784,10,1
24265,Q57NU8,acnA,SC1707,11,11
24271,Q57LV1,yfdZ,SC2405,11,1
24296,Q57N78,cheW,SC1927,12,10
24301,Q57TH4,kefC,SC0081,11,4
24303,Q57HP6,pldB,SC3860,11,18
24350,Q57P27,SC1628,SC1628,1,3
24358,Q57KR0,sitC,SC2796,11,4
24359,Q57IJ7,dppC,SC3559,11,3
24378,Q57RR1,lnt,SC0694,11,7
24383,Q57T58,stfD,SC0197,29,1
24394,Q57L58,srmB,SC2648,11,7
24397,Q57S02,ykgB,SC0603,1,1
24411,Q57SI1,yaiB,SC0424,12,2
24417,Q57PG1,ydgC,SC1494,10,3
24423,Q57K62,gcvP,SC2994,11,7
24454,Q57R41,ftsK,SC0914,11,4
24488,Q57JU2,yiaM,SC3114,29,4
24503,Q57S25,ybcJ,SC0580,10,1
24515,Q57S01,SC0604,SC0604,10,1
24527,Q57HD2,glpX,SC3974,11,3
24530,Q57HP7,rhtB,SC3859,9,1
24557,Q57PJ5,ydhK,SC1460,11,1
24559,Q57IE7,mtlA,SC3609,11,8
24581,Q5J3V3,parB,SC132,1,2
24587,Q57HH0,rhaA,SC3936,11,4
24593,Q57LJ6,xseA,SC2510,11,2
24616,Q57HG6,rhaT,SC3940,11,2
24624,Q57Q27,SC1278,SC1278,11,2
24627,Q57GG9,gudP,SC4287,2,1
24629,Q57KG8,mazG,SC2888,11,10
24633,Q57R76,artJ,SC0879,11,7
24635,Q57NN8,ychA,SC1767,11,1
24650,Q57NL2,ldcA,SC1793,11,6
24655,Q57N81,cheB,SC1924,11,3
24711,Q57QJ2,grxB,SC1113,11,11
24718,Q57HE1,ydeZ,SC3965,11,1
24738,Q57Q96,SC1209,SC1209,1,1
24767,Q57HB5,metB,SC3991,11,6
24771,Q57SK0,foxA,SC0405,18,6
24775,Q57M03,hisM,SC2353,11,9
24777,Q57IC9,pmgI,SC3627,11,3
24789,Q57KC9,ygdL,SC2927,11,2
24807,Q57QE8,ycfM,SC1157,11,7
24824,Q57M58,ais,SC2298,1,1
24841,Q57LK8,ppk,SC2498,11,6
24846,Q57T61,fhuB,SC0194,11,4
24859,Q57J78,acrF,SC3328,9,4
24871,Q57QW8,rzpD,SC0987,2,1
24903,Q57MK2,SC2153,SC2153,9,1
24904,Q57Q03,SC1302,SC1302,1,2
24913,Q57S11,SC0594,SC0594,1,1
24933,Q57MG0,gdo,SC2195,10,1
24939,Q57MY0,cobS,SC2025,11,4
24946,Q57I62,SC3694,SC3694,11,3
24969,Q57SC0,cyoA,SC0485,11,12
24974,Q57RA2,TnpR,SC0853,3,2
24980,Q57J72,SC3334,SC3334,1,2
24985,Q57N57,pgsA,SC1948,11,4
24987,Q57GP7,groEL,SC4209,11,15
24997,Q57JX6,gsp,SC3080,10,4
25038,Q57PJ9,ydhM,SC1456,11,6
25046,Q57SA6,cof,SC0499,11,3
25080,Q57JS7,nudF,SC3129,11,1
25082,Q57K75,prfB,SC2981,7,1
25092,Q57HT4,rho,SC3822,11,5
25107,Q57RK3,tolB,SC0752,11,9
25109,Q57G71,tsr,SC4385,18,7
25110,Q57JD8,gltB,SC3268,7,6
25114,Q57JF3,yrbH,SC3253,11,2
25119,Q57J21,yheN,SC3385,11,2
25120,Q57TL0,rihC,SC0045,11,7
25126,Q57QE7,thiK,SC1158,11,6
25150,Q57G45,yjjU,SC4411,8,3
25192,Q57NV6,yciT,SC1699,11,2
25193,Q57SD2,phnX,SC0473,11,2
25220,Q57P91,osmC,SC1564,11,4
25236,Q57M01,hisJ,SC2355,11,4
25238,Q57K72,xerD,SC2984,11,1
25252,Q57MD3,fruF,SC2222,12,5
25253,Q57QE5,ycfP,SC1160,11,3
25256,Q57PT7,pps,SC1368,10,1
25267,Q57HI6,bah,SC3920,20,4
25268,Q57M81,gyrA,SC2275,11,15
25276,Q57K64,bglA,SC2992,11,2
25277,Q57MZ9,SC2006,SC2006,2,3
25306,Q57S40,ylbA,SC0565,11,3
25316,Q57TL6,ribF,SC0039,11,1
25330,Q57QZ2,intQ,SC0963,8,1
25337,Q57GT5,basR,SC4171,11,38
25341,H9L4V3,IroE,SC2707,11,4
25350,Q57PX4,nadE,SC1331,11,3
25355,Q57GZ3,ubiA,SC4113,11,7
25364,Q57RZ6,nfnB,SC0609,11,2
25372,Q57JC4,rpsI,SC3282,11,5
25374,Q57L60,nadB,SC2646,11,3
25391,Q57TF4,thiP,SC0101,12,4
25408,Q57HC9,yiiU,SC3977,11,4
25409,Q57G19,sthD,SC4437,11,2
25413,Q57PM7,ssaH,SC1428,11,2
25463,Q57RN0,kdpB,SC0725,10,4
25465,Q57IY7,aroK,SC3419,11,5
25467,Q57KQ2,prgJ,SC2804,8,3
25473,Q57PB3,yneH,SC1542,10,2
25474,Q57TL3,slpA,SC0042,7,1
25479,Q57MC5,spr,SC2230,11,2
25481,Q57JP9,dnaG,SC3157,11,2
25487,Q57PV3,thrS,SC1352,11,5
25499,Q57ID7,yibK,SC3619,1,2
25506,Q57NL9,hyaF,SC1786,21,5
25510,Q57GB8,idnT,SC4338,10,10
25540,Q57HB2,SC3994,SC3994,8,1
25541,Q57IE9,selA,SC3607,11,2
25547,Q57RW5,ahpF,SC0640,7,6
25553,Q57N45,fliA,SC1960,11,10
25561,Q57GB7,idnO,SC4339,10,9
25573,H9L4W1,tcfB,SC0301,4,2
25588,Q57GZ6,lamB,SC4110,11,10
25607,Q57M15,tktC,SC2341,11,5
25610,Q57I03,gyrB,SC3753,11,4
25621,Q57Q41,SC1264,SC1264,8,1
25636,Q57L73,SC2633,SC2633,2,1
25638,Q57TD5,murE,SC0120,11,10
25651,Q57MZ6,SC2009,SC2009,1,3
25652,Q57MW1,pocR,SC2044,9,1
25657,Q57G61,dnaC,SC4395,11,2
25660,Q57KI7,ygbF,SC2869,11,7
25671,Q57LY6,truA,SC2370,11,3
25672,Q57MP9,manC,SC2106,11,3
25673,Q57J14,yheR,SC3392,11,1
25682,Q57ID4,cysE,SC3622,11,5
25706,Q57T23,accA,SC0232,11,9
25719,Q57IV1,glpG,SC3455,11,1
25720,Q57IU1,glgA,SC3465,10,5
25722,Q57QI4,flgB,SC1121,10,1
25724,Q57TC4,lpxC,SC0131,11,7
25737,Q57QX1,gtgA,SC0984,1,1
25743,Q57PM8,ssaG,SC1427,11,2
25752,Q57T39,rpsB,SC0216,11,5
25753,Q57MN8,wzc,SC2117,11,1
25765,Q57IW5,bioH,SC3441,11,5
25772,Q57J35,rplB,SC3371,11,8
25787,Q57G58,yjjP,SC4398,2,1
25796,Q57JQ1,gcp,SC3155,11,2
25803,Q57JN4,ygjU,SC3172,11,1
25804,Q57N70,otsA,SC1935,11,1
25831,Q57QC3,phoP,SC1182,11,184
25856,Q57TA3,aceF,SC0152,11,9
25867,Q57HK8,glnL,SC3898,11,11
25883,Q57R88,ybjC,SC0867,11,4
25887,Q57LQ1,eutB,SC2455,11,3
25888,Q57MZ7,SC2008,SC2008,1,3
25890,Q57GQ4,cutA,SC4202,11,1
25894,Q57SG1,tsaA,SC0444,11,4
25899,Q57HQ9,yigA,SC3847,11,1
25904,Q57JS5,ygiB,SC3131,2,3
25905,Q57NZ6,ynaI,SC1659,11,4
25911,Q57RY1,ybdA,SC0624,11,4
25914,Q57QU2,ycbX,SC1013,11,2
25953,P15805,spvC,SCV05,3,1
25954,Q57KP3,iacp,SC2813,8,1
25955,Q57MT8,pduX,SC2067,10,1
25971,Q57P56,sifB,SC1599,9,2
25974,Q57M28,nuoA,SC2328,11,16
25986,Q57LL1,upp,SC2495,11,5
25994,Q57PW2,yniC,SC1343,11,1
26010,Q57NG8,SC1837,SC1837,10,1
26020,Q5J496,SCV36,SCV36,1,2
26026,Q57NY9,SC1666,SC1666,8,1
26027,Q57LU7,yghZ,SC2409,11,2
26032,Q57QL6,csgE,SC1089,11,9
26033,Q57ID5,yin,SC3621,11,3
26034,Q5J483,rlgA,SCV49,13,1
26053,Q57SD5,phnS,SC0470,11,3
26058,Q57GC4,holC,SC4332,11,4
26093,Q57GU2,yjcO,SC4164,11,1
26098,Q57S99,amtB,SC0506,11,10
26108,Q57S30,ppiB,SC0575,10,1
26127,Q57RV8,citT,SC0647,7,3
26138,Q57J01,ppiA,SC3405,11,2
26139,Q57QR4,SC1041,SC1041,6,1
26149,Q57I40,ilvB,SC3716,11,5
26152,Q57JI1,truB,SC3225,11,1
26162,Q57RF0,ybhL,SC0805,11,2
26167,Q57KD1,ygdK,SC2925,11,4
26179,Q57HX0,gidB,SC3786,12,3
26184,Q57NT6,trpE,SC1719,12,6
26191,Q57K13,yggV,SC3043,11,7
26198,Q57LK6,yfgF,SC2500,11,1
26210,Q57IN3,opdA,SC3523,11,1
26223,Q57RU5,ybeM,SC0660,10,3
26253,Q57KI1,SC2875,SC2875,1,3
26269,Q57JN6,ygjR,SC3170,10,6
26276,H9L4V0,flgM,SC1119,12,9
26295,Q57HB6,metJ,SC3990,11,11
26301,Q57R95,mdfA,SC0860,11,3
26302,Q5J3W8,psiB,SC117,2,1
26368,Q57LW0,pgtE,SC2396,11,1
26372,Q57R98,dacC,SC0857,11,4
26386,Q57QL8,csgG,SC1087,11,9
26390,Q57HN4,tatB,SC3872,11,4
26410,Q57N26,fliK,SC1979,13,6
26436,Q57P33,adh3,SC1622,9,5
26446,Q57M29,nuoB,SC2327,11,17
26452,Q57HT8,rep,SC3818,11,3
26463,Q57N66,rpi,SC1939,5,1
26469,Q57TD1,ftsW,SC0124,11,10
26480,Q57RS8,rlpB,SC0677,11,1
26502,Q57MS4,hisG,SC2081,11,1
26519,Q57R62,ybjE,SC0893,1,1
26526,Q57S47,gip,SC0558,20,6
26548,Q57LR8,SC2438,SC2438,1,1
26557,Q57KQ1,prgI,SC2805,11,3
26561,Q57TG9,pdxA,SC0086,12,7
26567,Q57JS9,icc,SC3127,1,1
26576,Q57GL4,purA,SC4242,11,4
26578,Q57SE9,nrdR,SC0456,11,8
26585,Q57RY3,fepG,SC0622,11,7
26587,Q57I45,vaaS,SC3711,10,1
26613,Q57S97,ybaY,SC0508,11,1
26614,Q57R84,potG,SC0871,1,1
26617,Q57ML2,SC2143,SC2143,1,1
26628,Q57RH4,modC,SC0781,1,1
26646,Q57HV5,yieP,SC3801,11,3
26659,Q57H35,yaiL,SC4071,10,1
26660,Q57SE4,pgpA,SC0461,11,8
26691,Q57PW3,ydjM,SC1342,9,1
26693,Q57GA1,yeeN,SC4355,11,2
26694,Q57GL7,hflK,SC4239,11,2
26716,Q57RP9,nagE,SC0706,11,7
26726,Q57GB5,idnK,SC4341,10,16
26749,Q57NS6,ykgJ,SC1729,11,3
26754,Q57PX9,argD,SC1326,11,7
26759,Q57LI9,yfgL,SC2517,11,6
26820,Q57KQ0,prgH,SC2806,11,3
26822,Q57HN3,tatC,SC3873,11,4
26850,Q57SR5,rpo,SC0340,1,1
26854,Q57N83,cheZ,SC1922,11,8
26880,Q57TF2,yabN,SC0103,12,5
26886,Q57HA6,gldA,SC4000,11,13
26887,Q57JJ2,yhbT,SC3214,11,2
26893,Q57GJ7,ptxA,SC4259,11,8
26901,Q57GB6,idnD,SC4340,10,5
26907,Q57QI2,flgD,SC1123,16,3
26941,Q57LF2,cadA,SC2554,11,6
26942,Q57P79,narU,SC1576,11,2
26948,Q57R19,ihfB,SC0936,11,2
26949,Q57G93,trpS2,SC4363,11,2
26962,Q57M84,yojN,SC2272,11,2
26971,H9L4U8,flgN,SC1118,11,4
26973,Q57KJ4,ispD,SC2862,11,2
26974,Q57ST5,crl,SC0320,11,3
26980,Q57LH4,yfhJ,SC2532,2,1
26986,Q57PU5,btuE,SC1360,11,3
26989,Q57H66,SC4040,SC4040,14,1
27004,Q57H54,yjaH,SC4052,11,2
27048,Q57SE7,ribH,SC0458,11,2
27108,Q57S86,aefA,SC0519,11,2
27120,Q57SJ0,yaiV,SC0415,7,1
27121,Q57RK2,pal,SC0753,11,6
27155,Q57HX8,atpG,SC3778,11,12
27180,Q57KU7,csrA,SC2759,11,5
27207,Q57PH5,add,SC1480,10,5
27217,Q57GP1,SC4215,SC4215,7,1
27219,Q57KU0,srlE,SC2766,11,6
27244,Q57IA7,mutM,SC3649,11,4
27255,Q57JW5,hypO,SC3091,11,20
27277,Q57KT6,srlR,SC2770,11,2
27296,Q57JW7,hybB,SC3089,11,1
27302,Q57HH1,rhaD,SC3935,10,3
27304,Q57TA2,lpdA,SC0153,11,11
27306,Q57HK3,hemN,SC3903,7,6
27325,Q57LG8,yfhP,SC2538,11,16
27334,Q57L22,recN,SC2684,11,3
27365,Q57GJ1,rpsF,SC4265,11,1
27371,Q57R27,focA,SC0928,11,5
27380,Q57IJ6,dppB,SC3560,10,4
27388,Q57HD8,yneC,SC3968,11,2
27390,Q57M12,SC2344,SC2344,11,1
27407,Q57PH2,ydgA,SC1483,11,2
27432,Q57LY4,pdxB,SC2372,11,2
27442,Q57K42,SC3014,SC3014,11,1
27454,Q57HE2,ydeY,SC3964,11,1
27472,Q57NI5,sdaA,SC1820,11,5
27474,Q57RA1,ywfK,SC0854,1,1
27493,Q57MR4,gnd,SC2091,11,4
27516,Q57HD3,fpr,SC3973,11,6
27523,Q57HA5,talC,SC4001,11,2
27531,Q57SW3,safA,SC0292,8,1
27563,Q57HJ7,yihP,SC3909,10,1
27565,Q57RH5,modB,SC0780,11,6
27573,Q57RC2,ybiR,SC0833,9,2
27579,Q57HU2,ilvC,SC3814,11,11
27602,Q57GD3,yjgK,SC4323,6,1
27616,Q57KI9,cysD,SC2867,11,5
27619,Q57TC2,secA,SC0133,11,12
27620,Q57LV8,pgtB,SC2398,10,1
27672,Q57LZ5,SC2361,SC2361,10,2
27677,Q57R73,artI,SC0882,11,6
27685,Q57PS0,ydiJ,SC1385,11,1
27693,Q57H64,thiG,SC4042,11,8
27697,Q57G51,rsmC,SC4405,1,1
27698,Q57HR5,cyaY,SC3841,11,3
27701,Q57PF6,SC1499,SC1499,1,1
27713,Q57QH9,flgG,SC1126,11,3
27718,Q57N23,fliN,SC1982,12,11
27735,Q57PB9,marB,SC1536,9,6
27740,Q57N98,yebC,SC1907,11,5
27761,Q57M95,napB,SC2261,11,4
27773,Q57GV8,yjcE,SC4148,2,1
27807,Q57TA6,aroP,SC0149,11,13
27819,Q57T57,stfE,SC0198,19,2
27821,Q57J06,crp,SC3400,11,261
27849,Q57QA3,fdM,SC1202,1,2
27852,Q57HZ8,rnpA,SC3758,11,2
27856,Q57NG3,proQ,SC1842,10,37
27868,Q57LQ8,ypeA,SC2448,1,1
27882,Q57NM6,SC1779,SC1779,1,1
27889,Q57NU3,yciN,SC1712,11,1
27905,Q57MT4,dacD,SC2071,9,3
27914,Q57KF8,barA,SC2898,11,1
27935,Q57R75,artM,SC0880,11,6
27997,Q57IC2,rfaF,SC3634,11,3
28001,Q57GY3,pspG,SC4123,7,1
28009,Q57S10,SC0595,SC0595,1,1
28011,Q57NB8,yebG,SC1887,10,2
28012,Q57RX2,ybdH,SC0633,10,7
28016,Q57MW5,cbiD,SC2040,10,2
28020,Q57NJ4,fadD,SC1811,11,10
28032,Q57LS8,cysK,SC2428,7,4
28055,Q57PG8,tus,SC1487,11,1
28065,Q57K48,yggA,SC3008,10,1
28070,Q57GU0,phnO,SC4166,11,1
28071,Q57M77,ubiG,SC2279,11,9
28075,Q57T84,yadF,SC0171,12,7
28076,Q57PA8,ompC,SC1547,10,1
28102,Q57GN1,yjeO,SC4225,8,2
28111,Q57G59,yjjB,SC4397,2,1
28139,Q57ST7,gpt,SC0318,11,8
28143,Q57II9,yhjW,SC3567,19,2
28175,Q57H73,rplK,SC4033,11,5
28177,Q57JD7,gltD,SC3269,11,6
28191,Q57JB5,oadG,SC3291,23,3
28194,Q57GD5,adi,SC4321,10,4
28196,Q5J3S4,relB,SC165,11,2
28203,Q57H56,yjaG,SC4050,11,1
28249,Q57HQ6,uvrD,SC3850,11,5
28269,Q57S87,acrA,SC0518,11,8
28271,Q57JP6,yqjH,SC3160,11,3
28295,Q57GU5,nrfG,SC4161,11,5
28382,Q57LP0,eutS,SC2466,10,1
28406,Q57PV8,pfkB,SC1347,11,5
28410,Q57Q85,SC1220,SC1220,4,2
28461,Q57NA0,SC1905,SC1905,1,1
28496,Q57I11,dgoA,SC3745,8,2
28507,Q57JG5,rpmA,SC3241,11,5
28519,Q57IA5,rpmB,SC3651,11,4
28526,Q57LT6,xapA,SC2420,10,8
28528,Q57KW1,proX,SC2745,11,4
28534,Q57T08,yaeD,SC0247,11,4
28535,Q57JE5,yhbJ,SC3261,11,1
28546,Q57T36,frr,SC0219,11,28
28564,Q57M36,nuoJ,SC2320,11,16
28568,Q57RK8,ybgE,SC0747,6,4
28569,Q57JI6,mtr,SC3220,11,8
28585,Q57H80,birA,SC4026,11,13
28597,Q57R38,serS,SC0917,11,2
28601,Q57Q36,oxd6C,SC1269,11,6
28607,Q57MU5,pduQ,SC2060,11,1
28613,Q57R52,SC0903,SC0903,1,1
28622,Q57IE8,yibF,SC3608,11,2
28637,Q57MH9,yehV,SC2176,11,7
28640,Q57TJ0,caiC,SC0065,10,9
28642,Q57KA7,aas,SC2949,11,18
28644,Q57LS6,ptsI,SC2430,11,45
28649,Q57QM9,putP,SC1076,11,7
28656,Q57RX6,entA,SC0629,11,7
28667,Q57HY0,atpC,SC3776,11,11
28672,Q57T81,stiH,SC0174,9,2
28674,Q57LM9,yffB,SC2477,11,4
28686,Q57P23,SC1632,SC1632,1,1
28701,Q57RH8,modE,SC0777,11,15
28706,Q57I12,dgoT,SC3744,9,2
28715,Q57T31,yaeT,SC0224,11,7
28724,Q57IZ2,gph,SC3414,11,9
28736,Q57IE6,mtlD,SC3610,11,4
28748,Q57IN9,yhiN,SC3517,11,1
28751,Q57SU3,yafJ,SC0312,11,9
28761,Q57KY0,ygaE,SC2726,9,1
28778,Q57I23,yidQ,SC3733,6,2
28779,Q57LH8,sseA,SC2528,8,2
28788,Q57T27,lpxA,SC0228,11,6
28815,Q57RL1,cydA,SC0744,11,8
28818,Q57IL4,yhjD,SC3542,9,1
28821,Q57P13,ldhA,SC1642,11,4
28839,Q57PE8,bioD,SC1507,11,5
28849,Q57G50,rimI,SC4406,11,2
28857,Q57IX7,yrfH,SC3429,11,10
28876,Q57M93,napG,SC2263,11,4
28882,Q57NI1,manX,SC1824,11,17
28902,Q5J472,tnpR,SC009,1,1
28917,Q57R24,serC,SC0931,11,7
28936,Q57J00,yhfC,SC3406,11,1
28958,Q57IH9,yiaD,SC3577,11,2
28988,Q57HG8,rhaS,SC3938,11,11
28994,Q57S73,aes,SC0532,20,4
29012,Q57MR3,SC2092,SC2092,1,1
29026,Q57LE9,yfhA,SC2557,11,3
29047,Q57G33,serB,SC4423,11,1
29053,Q57KM9,invB,SC2827,8,2
29063,Q57T85,hpt,SC0170,11,6
29078,Q57NP0,chaA,SC1765,11,4
29080,Q57NX2,pspA,SC1683,11,3
29086,Q57IG6,glyS,SC3590,11,2
29098,Q57K12,yggW,SC3044,11,10
29100,Q57SB6,tig,SC0489,11,3
29109,Q57QS0,yccX,SC1035,11,3
29111,Q57KD4,gcvA,SC2922,11,8
29123,Q57IC5,tdh,SC3631,11,2
29127,Q57GI1,ytfE,SC4275,11,3
29132,Q57QH8,flgH,SC1127,11,13
29147,Q57TH3,folA,SC0082,12,8
29148,Q57HE4,ydeV,SC3962,11,1
29156,Q57QV2,ycdD,SC1003,36,13
29168,Q57RX7,entB,SC0628,11,10
29178,Q57T10,yaeE,SC0245,11,1
29186,Q5J3V2,SC135,SC135,1,2
29187,Q57GW2,soxS,SC4144,11,44
29194,Q57HL9,mobA,SC3887,11,2
29213,Q57QQ6,hpaB,SC1049,10,4
29220,Q57IW4,yhgH,SC3442,11,1
29221,Q57HA8,katG,SC3998,11,6
29226,Q57KE6,sdaB,SC2910,11,7
29247,Q57QM1,ycdX,SC1084,10,3
29248,Q57HI0,fdoH,SC3926,11,4
29281,Q57QT1,yccR,SC1024,11,1
29283,Q57PQ7,lpp,SC1398,12,8
29290,Q57SC4,cyoE,SC0481,11,8
29291,Q57HX7,atpA,SC3779,11,29
29319,Q57NW5,ydiV,SC1690,24,2
29323,Q57HR8,hemD,SC3838,11,4
29329,Q57LC0,SC2586,SC2586,2,1
29346,Q57G44,yjjV,SC4412,8,3
29351,Q5J3U0,SC149,SC149,3,1
29360,Q57RV7,citG,SC0648,1,3
29366,Q57TD4,murF,SC0121,11,11
29372,Q57LV7,pgtC,SC2399,9,1
29373,Q57TI2,fixX,SC0073,11,39
29379,Q57KB4,ptsP,SC2942,11,3
29381,Q57GH0,ytfP,SC4286,8,1
29387,Q57S23,fimA,SC0582,14,9
29393,Q57G56,bglJ,SC4400,11,2
29405,Q5J3W5,ssb,SC120,3,1
29407,Q57LW3,fadL,SC2393,11,14
29464,Q57H00,malG,SC4106,11,10
29471,Q57M34,nuoH,SC2322,11,16
29505,Q57PS8,aroD,SC1377,11,4
29536,Q57LW7,sixA,SC2389,11,5
29538,Q57S98,tesB,SC0507,10,9
29539,Q57IR5,livM,SC3491,11,4
29563,Q57JY0,uxuA,SC3076,11,5
29567,Q57GX1,SC4135,SC4135,1,1
29574,Q57QM2,ycdW,SC1083,11,5
29586,Q57Q90,terL,SC1215,4,2
29591,Q57JW9,hybD,SC3087,11,1
29593,Q57K18,SC3038,SC3038,10,1
29600,Q57IP9,yhhP,SC3507,11,1
29603,Q57JX9,uxuB,SC3077,11,1
29608,Q57LP3,eutT,SC2463,11,7
